dataset_id;series_key;title_fr;title_en;time_period;time_period_start;time_period_end;obs_value;obs_status;updated_at;observations_attributes_and_values;comment_obs;conf_status;embargo_date;obs_com;obs_conf;obs_edp_wbb;obs_pre_break;pre_break_value
MIR1;MIR1.M.FR.B.A22HR.A.R.A.2254U6.EUR.N;Taux des crédits nouveaux à l'habitat (hors négociations) aux particuliers;Interest rates on new business loans for house purchase (excluding renegotiations) to domestic households;2024-07;2024-07-01;2024-07-31;3.64;A;2024-09-06T08:16:22+00:00;"{""OBS_STATUS"": ""A"", ""OBS_CONF"": ""F""}";;;;;F;;;
MIR1;MIR1.M.FR.B.A22HR.A.R.A.2254U6.EUR.N;Taux des crédits nouveaux à l'habitat (hors négociations) aux particuliers;Interest rates on new business loans for house purchase (excluding renegotiations) to domestic households;2024-06;2024-06-01;2024-06-30;3.7;A;2024-09-06T08:16:22+00:00;"{""OBS_STATUS"": ""A"", ""OBS_CONF"": ""F""}";;;;;F;;;
MIR1;MIR1.M.FR.B.A22HR.A.R.A.2254U6.EUR.N;Taux des crédits nouveaux à l'habitat (hors négociations) aux particuliers;Interest rates on new business loans for house purchase (excluding renegotiations) to domestic households;2024-05;2024-05-01;2024-05-31;3.83;A;2024-09-06T08:16:22+00:00;"{""OBS_STATUS"": ""A"", ""OBS_CONF"": ""F""}";;;;;F;;;
MIR1;MIR1.M.FR.B.A22HR.A.R.A.2254U6.EUR.N;Taux des crédits nouveaux à l'habitat (hors négociations) aux particuliers;Interest rates on new business loans for house purchase (excluding renegotiations) to domestic households;2024-04;2024-04-01;2024-04-30;3.89;A;2024-09-06T08:16:22+00:00;"{""OBS_STATUS"": ""A"", ""OBS_CONF"": ""F""}";;;;;F;;;
MIR1;MIR1.M.FR.B.A22HR.A.R.A.2254U6.EUR.N;Taux des crédits nouveaux à l'habitat (hors négociations) aux particuliers;Interest rates on new business loans for house purchase (excluding renegotiations) to domestic households;2024-03;2024-03-01;2024-03-31;3.94;A;2024-09-06T08:16:22+00:00;"{""OBS_STATUS"": ""A"", ""OBS_CONF"": ""F""}";;;;;F;;;
MIR1;MIR1.M.FR.B.A22HR.A.R.A.2254U6.EUR.N;Taux des crédits nouveaux à l'habitat (hors négociations) aux particuliers;Interest rates on new business loans for house purchase (excluding renegotiations) to domestic households;2024-02;2024-02-01;2024-02-29;4.11;A;2024-09-06T08:16:22+00:00;"{""OBS_STATUS"": ""A"", ""OBS_CONF"": ""F""}";;;;;F;;;
MIR1;MIR1.M.FR.B.A22HR.A.R.A.2254U6.EUR.N;Taux des crédits nouveaux à l'habitat (hors négociations) aux particuliers;Interest rates on new business loans for house purchase (excluding renegotiations) to domestic households;2024-01;2024-01-01;2024-01-31;4.17;A;2024-09-06T08:16:22+00:00;"{""OBS_STATUS"": ""A"", ""OBS_CONF"": ""F""}";;;;;F;;;
MIR1;MIR1.M.FR.B.A22HR.A.R.A.2254U6.EUR.N;Taux des crédits nouveaux à l'habitat (hors négociations) aux particuliers;Interest rates on new business loans for house purchase (excluding renegotiations) to domestic households;2023-12;2023-12-01;2023-12-31;4.04;A;2024-09-06T08:16:22+00:00;"{""OBS_STATUS"": ""A"", ""OBS_CONF"": ""F""}";;;;;F;;;
MIR1;MIR1.M.FR.B.A22HR.A.R.A.2254U6.EUR.N;Taux des crédits nouveaux à l'habitat (hors négociations) aux particuliers;Interest rates on new business loans for house purchase (excluding renegotiations) to domestic households;2023-11;2023-11-01;2023-11-30;3.99;A;2024-09-06T08:16:22+00:00;"{""OBS_STATUS"": ""A"", ""OBS_CONF"": ""F""}";;;;;F;;;
MIR1;MIR1.M.FR.B.A22HR.A.R.A.2254U6.EUR.N;Taux des crédits nouveaux à l'habitat (hors négociations) aux particuliers;Interest rates on new business loans for house purchase (excluding renegotiations) to domestic households;2023-10;2023-10-01;2023-10-31;3.87;A;2024-09-06T08:16:22+00:00;"{""OBS_STATUS"": ""A"", ""OBS_CONF"": ""F""}";;;;;F;;;
MIR1;MIR1.M.FR.B.A22HR.A.R.A.2254U6.EUR.N;Taux des crédits nouveaux à l'habitat (hors négociations) aux particuliers;Interest rates on new business loans for house purchase (excluding renegotiations) to domestic households;2023-09;2023-09-01;2023-09-30;3.73;A;2024-09-06T08:16:22+00:00;"{""OBS_STATUS"": ""A"", ""OBS_CONF"": ""F""}";;;;;F;;;
MIR1;MIR1.M.FR.B.A22HR.A.R.A.2254U6.EUR.N;Taux des crédits nouveaux à l'habitat (hors négociations) aux particuliers;Interest rates on new business loans for house purchase (excluding renegotiations) to domestic households;2023-08;2023-08-01;2023-08-31;3.62;A;2024-09-06T08:16:22+00:00;"{""OBS_STATUS"": ""A"", ""OBS_CONF"": ""F""}";;;;;F;;;
MIR1;MIR1.M.FR.B.A22HR.A.R.A.2254U6.EUR.N;Taux des crédits nouveaux à l'habitat (hors négociations) aux particuliers;Interest rates on new business loans for house purchase (excluding renegotiations) to domestic households;2023-07;2023-07-01;2023-07-31;3.43;A;2024-09-06T08:16:22+00:00;"{""OBS_STATUS"": ""A"", ""OBS_CONF"": ""F""}";;;;;F;;;
MIR1;MIR1.M.FR.B.A22HR.A.R.A.2254U6.EUR.N;Taux des crédits nouveaux à l'habitat (hors négociations) aux particuliers;Interest rates on new business loans for house purchase (excluding renegotiations) to domestic households;2023-06;2023-06-01;2023-06-30;3.25;A;2024-09-06T08:16:22+00:00;"{""OBS_STATUS"": ""A"", ""OBS_CONF"": ""F""}";;;;;F;;;
MIR1;MIR1.M.FR.B.A22HR.A.R.A.2254U6.EUR.N;Taux des crédits nouveaux à l'habitat (hors négociations) aux particuliers;Interest rates on new business loans for house purchase (excluding renegotiations) to domestic households;2023-05;2023-05-01;2023-05-31;3.08;A;2024-09-06T08:16:22+00:00;"{""OBS_STATUS"": ""A"", ""OBS_CONF"": ""F""}";;;;;F;;;
MIR1;MIR1.M.FR.B.A22HR.A.R.A.2254U6.EUR.N;Taux des crédits nouveaux à l'habitat (hors négociations) aux particuliers;Interest rates on new business loans for house purchase (excluding renegotiations) to domestic households;2023-04;2023-04-01;2023-04-30;2.92;A;2024-09-06T08:16:22+00:00;"{""OBS_STATUS"": ""A"", ""OBS_CONF"": ""F""}";;;;;F;;;
MIR1;MIR1.M.FR.B.A22HR.A.R.A.2254U6.EUR.N;Taux des crédits nouveaux à l'habitat (hors négociations) aux particuliers;Interest rates on new business loans for house purchase (excluding renegotiations) to domestic households;2023-03;2023-03-01;2023-03-31;2.72;A;2024-09-06T08:16:22+00:00;"{""OBS_STATUS"": ""A"", ""OBS_CONF"": ""F""}";;;;;F;;;
MIR1;MIR1.M.FR.B.A22HR.A.R.A.2254U6.EUR.N;Taux des crédits nouveaux à l'habitat (hors négociations) aux particuliers;Interest rates on new business loans for house purchase (excluding renegotiations) to domestic households;2023-02;2023-02-01;2023-02-28;2.51;A;2024-09-06T08:16:22+00:00;"{""OBS_STATUS"": ""A"", ""OBS_CONF"": ""F""}";;;;;F;;;
MIR1;MIR1.M.FR.B.A22HR.A.R.A.2254U6.EUR.N;Taux des crédits nouveaux à l'habitat (hors négociations) aux particuliers;Interest rates on new business loans for house purchase (excluding renegotiations) to domestic households;2023-01;2023-01-01;2023-01-31;2.31;A;2024-09-06T08:16:22+00:00;"{""OBS_STATUS"": ""A"", ""OBS_CONF"": ""F""}";;;;;F;;;
MIR1;MIR1.M.FR.B.A22HR.A.R.A.2254U6.EUR.N;Taux des crédits nouveaux à l'habitat (hors négociations) aux particuliers;Interest rates on new business loans for house purchase (excluding renegotiations) to domestic households;2022-12;2022-12-01;2022-12-31;2.12;A;2024-09-06T08:16:22+00:00;"{""OBS_STATUS"": ""A"", ""OBS_CONF"": ""F""}";;;;;F;;;
MIR1;MIR1.M.FR.B.A22HR.A.R.A.2254U6.EUR.N;Taux des crédits nouveaux à l'habitat (hors négociations) aux particuliers;Interest rates on new business loans for house purchase (excluding renegotiations) to domestic households;2022-11;2022-11-01;2022-11-30;1.96;A;2024-09-06T08:16:22+00:00;"{""OBS_STATUS"": ""A"", ""OBS_CONF"": ""F""}";;;;;F;;;
MIR1;MIR1.M.FR.B.A22HR.A.R.A.2254U6.EUR.N;Taux des crédits nouveaux à l'habitat (hors négociations) aux particuliers;Interest rates on new business loans for house purchase (excluding renegotiations) to domestic households;2022-10;2022-10-01;2022-10-31;1.81;A;2024-09-06T08:16:22+00:00;"{""OBS_STATUS"": ""A"", ""OBS_CONF"": ""F""}";;;;;F;;;
MIR1;MIR1.M.FR.B.A22HR.A.R.A.2254U6.EUR.N;Taux des crédits nouveaux à l'habitat (hors négociations) aux particuliers;Interest rates on new business loans for house purchase (excluding renegotiations) to domestic households;2022-09;2022-09-01;2022-09-30;1.7;A;2024-09-06T08:16:22+00:00;"{""OBS_STATUS"": ""A"", ""OBS_CONF"": ""F""}";;;;;F;;;
MIR1;MIR1.M.FR.B.A22HR.A.R.A.2254U6.EUR.N;Taux des crédits nouveaux à l'habitat (hors négociations) aux particuliers;Interest rates on new business loans for house purchase (excluding renegotiations) to domestic households;2022-08;2022-08-01;2022-08-31;1.59;A;2024-09-06T08:16:22+00:00;"{""OBS_STATUS"": ""A"", ""OBS_CONF"": ""F""}";;;;;F;;;
MIR1;MIR1.M.FR.B.A22HR.A.R.A.2254U6.EUR.N;Taux des crédits nouveaux à l'habitat (hors négociations) aux particuliers;Interest rates on new business loans for house purchase (excluding renegotiations) to domestic households;2022-07;2022-07-01;2022-07-31;1.45;A;2024-09-06T08:16:22+00:00;"{""OBS_STATUS"": ""A"", ""OBS_CONF"": ""F""}";;;;;F;;;
MIR1;MIR1.M.FR.B.A22HR.A.R.A.2254U6.EUR.N;Taux des crédits nouveaux à l'habitat (hors négociations) aux particuliers;Interest rates on new business loans for house purchase (excluding renegotiations) to domestic households;2022-06;2022-06-01;2022-06-30;1.34;A;2024-09-06T08:16:22+00:00;"{""OBS_STATUS"": ""A"", ""OBS_CONF"": ""F""}";;;;;F;;;
MIR1;MIR1.M.FR.B.A22HR.A.R.A.2254U6.EUR.N;Taux des crédits nouveaux à l'habitat (hors négociations) aux particuliers;Interest rates on new business loans for house purchase (excluding renegotiations) to domestic households;2022-05;2022-05-01;2022-05-31;1.25;A;2024-09-06T08:16:22+00:00;"{""OBS_STATUS"": ""A"", ""OBS_CONF"": ""F""}";;;;;F;;;
MIR1;MIR1.M.FR.B.A22HR.A.R.A.2254U6.EUR.N;Taux des crédits nouveaux à l'habitat (hors négociations) aux particuliers;Interest rates on new business loans for house purchase (excluding renegotiations) to domestic households;2022-04;2022-04-01;2022-04-30;1.16;A;2024-09-06T08:16:22+00:00;"{""OBS_STATUS"": ""A"", ""OBS_CONF"": ""F""}";;;;;F;;;
MIR1;MIR1.M.FR.B.A22HR.A.R.A.2254U6.EUR.N;Taux des crédits nouveaux à l'habitat (hors négociations) aux particuliers;Interest rates on new business loans for house purchase (excluding renegotiations) to domestic households;2022-03;2022-03-01;2022-03-31;1.11;A;2024-09-06T08:16:22+00:00;"{""OBS_STATUS"": ""A"", ""OBS_CONF"": ""F""}";;;;;F;;;
MIR1;MIR1.M.FR.B.A22HR.A.R.A.2254U6.EUR.N;Taux des crédits nouveaux à l'habitat (hors négociations) aux particuliers;Interest rates on new business loans for house purchase (excluding renegotiations) to domestic households;2022-02;2022-02-01;2022-02-28;1.09;A;2024-09-06T08:16:22+00:00;"{""OBS_STATUS"": ""A"", ""OBS_CONF"": ""F""}";;;;;F;;;
MIR1;MIR1.M.FR.B.A22HR.A.R.A.2254U6.EUR.N;Taux des crédits nouveaux à l'habitat (hors négociations) aux particuliers;Interest rates on new business loans for house purchase (excluding renegotiations) to domestic households;2022-01;2022-01-01;2022-01-31;1.07;A;2024-09-06T08:16:22+00:00;"{""OBS_STATUS"": ""A"", ""OBS_CONF"": ""F""}";;;;;F;;;
MIR1;MIR1.M.FR.B.A22HR.A.R.A.2254U6.EUR.N;Taux des crédits nouveaux à l'habitat (hors négociations) aux particuliers;Interest rates on new business loans for house purchase (excluding renegotiations) to domestic households;2021-12;2021-12-01;2021-12-31;1.06;A;2024-09-06T08:16:22+00:00;"{""OBS_STATUS"": ""A"", ""OBS_CONF"": ""F""}";;;;;F;;;
MIR1;MIR1.M.FR.B.A22HR.A.R.A.2254U6.EUR.N;Taux des crédits nouveaux à l'habitat (hors négociations) aux particuliers;Interest rates on new business loans for house purchase (excluding renegotiations) to domestic households;2021-11;2021-11-01;2021-11-30;1.07;A;2024-09-06T08:16:22+00:00;"{""OBS_STATUS"": ""A"", ""OBS_CONF"": ""F""}";;;;;F;;;
MIR1;MIR1.M.FR.B.A22HR.A.R.A.2254U6.EUR.N;Taux des crédits nouveaux à l'habitat (hors négociations) aux particuliers;Interest rates on new business loans for house purchase (excluding renegotiations) to domestic households;2021-10;2021-10-01;2021-10-31;1.08;A;2024-09-06T08:16:22+00:00;"{""OBS_STATUS"": ""A"", ""OBS_CONF"": ""F""}";;;;;F;;;
MIR1;MIR1.M.FR.B.A22HR.A.R.A.2254U6.EUR.N;Taux des crédits nouveaux à l'habitat (hors négociations) aux particuliers;Interest rates on new business loans for house purchase (excluding renegotiations) to domestic households;2021-09;2021-09-01;2021-09-30;1.09;A;2024-09-06T08:16:22+00:00;"{""OBS_STATUS"": ""A"", ""OBS_CONF"": ""F""}";;;;;F;;;
MIR1;MIR1.M.FR.B.A22HR.A.R.A.2254U6.EUR.N;Taux des crédits nouveaux à l'habitat (hors négociations) aux particuliers;Interest rates on new business loans for house purchase (excluding renegotiations) to domestic households;2021-08;2021-08-01;2021-08-31;1.09;A;2024-09-06T08:16:22+00:00;"{""OBS_STATUS"": ""A"", ""OBS_CONF"": ""F""}";;;;;F;;;
MIR1;MIR1.M.FR.B.A22HR.A.R.A.2254U6.EUR.N;Taux des crédits nouveaux à l'habitat (hors négociations) aux particuliers;Interest rates on new business loans for house purchase (excluding renegotiations) to domestic households;2021-07;2021-07-01;2021-07-31;1.08;A;2024-09-06T08:16:22+00:00;"{""OBS_STATUS"": ""A"", ""OBS_CONF"": ""F""}";;;;;F;;;
MIR1;MIR1.M.FR.B.A22HR.A.R.A.2254U6.EUR.N;Taux des crédits nouveaux à l'habitat (hors négociations) aux particuliers;Interest rates on new business loans for house purchase (excluding renegotiations) to domestic households;2021-06;2021-06-01;2021-06-30;1.09;A;2024-09-06T08:16:22+00:00;"{""OBS_STATUS"": ""A"", ""OBS_CONF"": ""F""}";;;;;F;;;
MIR1;MIR1.M.FR.B.A22HR.A.R.A.2254U6.EUR.N;Taux des crédits nouveaux à l'habitat (hors négociations) aux particuliers;Interest rates on new business loans for house purchase (excluding renegotiations) to domestic households;2021-05;2021-05-01;2021-05-31;1.1;A;2024-09-06T08:16:22+00:00;"{""OBS_STATUS"": ""A"", ""OBS_CONF"": ""F""}";;;;;F;;;
MIR1;MIR1.M.FR.B.A22HR.A.R.A.2254U6.EUR.N;Taux des crédits nouveaux à l'habitat (hors négociations) aux particuliers;Interest rates on new business loans for house purchase (excluding renegotiations) to domestic households;2021-04;2021-04-01;2021-04-30;1.11;A;2024-09-06T08:16:22+00:00;"{""OBS_STATUS"": ""A"", ""OBS_CONF"": ""F""}";;;;;F;;;
MIR1;MIR1.M.FR.B.A22HR.A.R.A.2254U6.EUR.N;Taux des crédits nouveaux à l'habitat (hors négociations) aux particuliers;Interest rates on new business loans for house purchase (excluding renegotiations) to domestic households;2021-03;2021-03-01;2021-03-31;1.14;A;2024-09-06T08:16:22+00:00;"{""OBS_STATUS"": ""A"", ""OBS_CONF"": ""F""}";;;;;F;;;
MIR1;MIR1.M.FR.B.A22HR.A.R.A.2254U6.EUR.N;Taux des crédits nouveaux à l'habitat (hors négociations) aux particuliers;Interest rates on new business loans for house purchase (excluding renegotiations) to domestic households;2021-02;2021-02-01;2021-02-28;1.18;A;2024-09-06T08:16:22+00:00;"{""OBS_STATUS"": ""A"", ""OBS_CONF"": ""F""}";;;;;F;;;
MIR1;MIR1.M.FR.B.A22HR.A.R.A.2254U6.EUR.N;Taux des crédits nouveaux à l'habitat (hors négociations) aux particuliers;Interest rates on new business loans for house purchase (excluding renegotiations) to domestic households;2021-01;2021-01-01;2021-01-31;1.2;A;2024-09-06T08:16:22+00:00;"{""OBS_STATUS"": ""A"", ""OBS_CONF"": ""F""}";;;;;F;;;
MIR1;MIR1.M.FR.B.A22HR.A.R.A.2254U6.EUR.N;Taux des crédits nouveaux à l'habitat (hors négociations) aux particuliers;Interest rates on new business loans for house purchase (excluding renegotiations) to domestic households;2020-12;2020-12-01;2020-12-31;1.21;A;2024-09-06T08:16:22+00:00;"{""OBS_STATUS"": ""A"", ""OBS_CONF"": ""F""}";;;;;F;;;
MIR1;MIR1.M.FR.B.A22HR.A.R.A.2254U6.EUR.N;Taux des crédits nouveaux à l'habitat (hors négociations) aux particuliers;Interest rates on new business loans for house purchase (excluding renegotiations) to domestic households;2020-11;2020-11-01;2020-11-30;1.24;A;2024-09-06T08:16:22+00:00;"{""OBS_STATUS"": ""A"", ""OBS_CONF"": ""F""}";;;;;F;;;
MIR1;MIR1.M.FR.B.A22HR.A.R.A.2254U6.EUR.N;Taux des crédits nouveaux à l'habitat (hors négociations) aux particuliers;Interest rates on new business loans for house purchase (excluding renegotiations) to domestic households;2020-10;2020-10-01;2020-10-31;1.26;A;2024-09-06T08:16:22+00:00;"{""OBS_STATUS"": ""A"", ""OBS_CONF"": ""F""}";;;;;F;;;
MIR1;MIR1.M.FR.B.A22HR.A.R.A.2254U6.EUR.N;Taux des crédits nouveaux à l'habitat (hors négociations) aux particuliers;Interest rates on new business loans for house purchase (excluding renegotiations) to domestic households;2020-09;2020-09-01;2020-09-30;1.28;A;2024-09-06T08:16:22+00:00;"{""OBS_STATUS"": ""A"", ""OBS_CONF"": ""F""}";;;;;F;;;
MIR1;MIR1.M.FR.B.A22HR.A.R.A.2254U6.EUR.N;Taux des crédits nouveaux à l'habitat (hors négociations) aux particuliers;Interest rates on new business loans for house purchase (excluding renegotiations) to domestic households;2020-08;2020-08-01;2020-08-31;1.29;A;2024-09-06T08:16:22+00:00;"{""OBS_STATUS"": ""A"", ""OBS_CONF"": ""F""}";;;;;F;;;
MIR1;MIR1.M.FR.B.A22HR.A.R.A.2254U6.EUR.N;Taux des crédits nouveaux à l'habitat (hors négociations) aux particuliers;Interest rates on new business loans for house purchase (excluding renegotiations) to domestic households;2020-07;2020-07-01;2020-07-31;1.27;A;2024-09-06T08:16:22+00:00;"{""OBS_STATUS"": ""A"", ""OBS_CONF"": ""F""}";;;;;F;;;
MIR1;MIR1.M.FR.B.A22HR.A.R.A.2254U6.EUR.N;Taux des crédits nouveaux à l'habitat (hors négociations) aux particuliers;Interest rates on new business loans for house purchase (excluding renegotiations) to domestic households;2020-06;2020-06-01;2020-06-30;1.22;A;2024-09-06T08:16:22+00:00;"{""OBS_STATUS"": ""A"", ""OBS_CONF"": ""F""}";;;;;F;;;
MIR1;MIR1.M.FR.B.A22HR.A.R.A.2254U6.EUR.N;Taux des crédits nouveaux à l'habitat (hors négociations) aux particuliers;Interest rates on new business loans for house purchase (excluding renegotiations) to domestic households;2020-05;2020-05-01;2020-05-31;1.17;A;2024-09-06T08:16:22+00:00;"{""OBS_STATUS"": ""A"", ""OBS_CONF"": ""F""}";;;;;F;;;
MIR1;MIR1.M.FR.B.A22HR.A.R.A.2254U6.EUR.N;Taux des crédits nouveaux à l'habitat (hors négociations) aux particuliers;Interest rates on new business loans for house purchase (excluding renegotiations) to domestic households;2020-04;2020-04-01;2020-04-30;1.16;A;2024-09-06T08:16:22+00:00;"{""OBS_STATUS"": ""A"", ""OBS_CONF"": ""F""}";;;;;F;;;
MIR1;MIR1.M.FR.B.A22HR.A.R.A.2254U6.EUR.N;Taux des crédits nouveaux à l'habitat (hors négociations) aux particuliers;Interest rates on new business loans for house purchase (excluding renegotiations) to domestic households;2020-03;2020-03-01;2020-03-31;1.17;A;2024-09-06T08:16:22+00:00;"{""OBS_STATUS"": ""A"", ""OBS_CONF"": ""F""}";;;;;F;;;
MIR1;MIR1.M.FR.B.A22HR.A.R.A.2254U6.EUR.N;Taux des crédits nouveaux à l'habitat (hors négociations) aux particuliers;Interest rates on new business loans for house purchase (excluding renegotiations) to domestic households;2020-02;2020-02-01;2020-02-29;1.17;A;2024-09-06T08:16:22+00:00;"{""OBS_STATUS"": ""A"", ""OBS_CONF"": ""F""}";;;;;F;;;
MIR1;MIR1.M.FR.B.A22HR.A.R.A.2254U6.EUR.N;Taux des crédits nouveaux à l'habitat (hors négociations) aux particuliers;Interest rates on new business loans for house purchase (excluding renegotiations) to domestic households;2020-01;2020-01-01;2020-01-31;1.15;A;2024-09-06T08:16:22+00:00;"{""OBS_STATUS"": ""A"", ""OBS_CONF"": ""F""}";;;;;F;;;
MIR1;MIR1.M.FR.B.A22HR.A.R.A.2254U6.EUR.N;Taux des crédits nouveaux à l'habitat (hors négociations) aux particuliers;Interest rates on new business loans for house purchase (excluding renegotiations) to domestic households;2019-12;2019-12-01;2019-12-31;1.14;A;2024-09-06T08:16:22+00:00;"{""OBS_STATUS"": ""A"", ""OBS_CONF"": ""F""}";;;;;F;;;
MIR1;MIR1.M.FR.B.A22HR.A.R.A.2254U6.EUR.N;Taux des crédits nouveaux à l'habitat (hors négociations) aux particuliers;Interest rates on new business loans for house purchase (excluding renegotiations) to domestic households;2019-11;2019-11-01;2019-11-30;1.16;A;2024-09-06T08:16:22+00:00;"{""OBS_STATUS"": ""A"", ""OBS_CONF"": ""F""}";;;;;F;;;
MIR1;MIR1.M.FR.B.A22HR.A.R.A.2254U6.EUR.N;Taux des crédits nouveaux à l'habitat (hors négociations) aux particuliers;Interest rates on new business loans for house purchase (excluding renegotiations) to domestic households;2019-10;2019-10-01;2019-10-31;1.19;A;2024-09-06T08:16:22+00:00;"{""OBS_STATUS"": ""A"", ""OBS_CONF"": ""F""}";;;;;F;;;
MIR1;MIR1.M.FR.B.A22HR.A.R.A.2254U6.EUR.N;Taux des crédits nouveaux à l'habitat (hors négociations) aux particuliers;Interest rates on new business loans for house purchase (excluding renegotiations) to domestic households;2019-09;2019-09-01;2019-09-30;1.24;A;2024-09-06T08:16:22+00:00;"{""OBS_STATUS"": ""A"", ""OBS_CONF"": ""F""}";;;;;F;;;
MIR1;MIR1.M.FR.B.A22HR.A.R.A.2254U6.EUR.N;Taux des crédits nouveaux à l'habitat (hors négociations) aux particuliers;Interest rates on new business loans for house purchase (excluding renegotiations) to domestic households;2019-08;2019-08-01;2019-08-31;1.27;A;2024-09-06T08:16:22+00:00;"{""OBS_STATUS"": ""A"", ""OBS_CONF"": ""F""}";;;;;F;;;
MIR1;MIR1.M.FR.B.A22HR.A.R.A.2254U6.EUR.N;Taux des crédits nouveaux à l'habitat (hors négociations) aux particuliers;Interest rates on new business loans for house purchase (excluding renegotiations) to domestic households;2019-07;2019-07-01;2019-07-31;1.31;A;2024-09-06T08:16:22+00:00;"{""OBS_STATUS"": ""A"", ""OBS_CONF"": ""F""}";;;;;F;;;
MIR1;MIR1.M.FR.B.A22HR.A.R.A.2254U6.EUR.N;Taux des crédits nouveaux à l'habitat (hors négociations) aux particuliers;Interest rates on new business loans for house purchase (excluding renegotiations) to domestic households;2019-06;2019-06-01;2019-06-30;1.36;A;2024-09-06T08:16:22+00:00;"{""OBS_STATUS"": ""A"", ""OBS_CONF"": ""F""}";;;;;F;;;
MIR1;MIR1.M.FR.B.A22HR.A.R.A.2254U6.EUR.N;Taux des crédits nouveaux à l'habitat (hors négociations) aux particuliers;Interest rates on new business loans for house purchase (excluding renegotiations) to domestic households;2019-05;2019-05-01;2019-05-31;1.41;A;2024-09-06T08:16:22+00:00;"{""OBS_STATUS"": ""A"", ""OBS_CONF"": ""F""}";;;;;F;;;
MIR1;MIR1.M.FR.B.A22HR.A.R.A.2254U6.EUR.N;Taux des crédits nouveaux à l'habitat (hors négociations) aux particuliers;Interest rates on new business loans for house purchase (excluding renegotiations) to domestic households;2019-04;2019-04-01;2019-04-30;1.46;A;2024-09-06T08:16:22+00:00;"{""OBS_STATUS"": ""A"", ""OBS_CONF"": ""F""}";;;;;F;;;
MIR1;MIR1.M.FR.B.A22HR.A.R.A.2254U6.EUR.N;Taux des crédits nouveaux à l'habitat (hors négociations) aux particuliers;Interest rates on new business loans for house purchase (excluding renegotiations) to domestic households;2019-03;2019-03-01;2019-03-31;1.48;A;2024-09-06T08:16:22+00:00;"{""OBS_STATUS"": ""A"", ""OBS_CONF"": ""F""}";;;;;F;;;
MIR1;MIR1.M.FR.B.A22HR.A.R.A.2254U6.EUR.N;Taux des crédits nouveaux à l'habitat (hors négociations) aux particuliers;Interest rates on new business loans for house purchase (excluding renegotiations) to domestic households;2019-02;2019-02-01;2019-02-28;1.49;A;2024-09-06T08:16:22+00:00;"{""OBS_STATUS"": ""A"", ""OBS_CONF"": ""F""}";;;;;F;;;
MIR1;MIR1.M.FR.B.A22HR.A.R.A.2254U6.EUR.N;Taux des crédits nouveaux à l'habitat (hors négociations) aux particuliers;Interest rates on new business loans for house purchase (excluding renegotiations) to domestic households;2019-01;2019-01-01;2019-01-31;1.48;A;2024-09-06T08:16:22+00:00;"{""OBS_STATUS"": ""A"", ""OBS_CONF"": ""F""}";;;;;F;;;
MIR1;MIR1.M.FR.B.A22HR.A.R.A.2254U6.EUR.N;Taux des crédits nouveaux à l'habitat (hors négociations) aux particuliers;Interest rates on new business loans for house purchase (excluding renegotiations) to domestic households;2018-12;2018-12-01;2018-12-31;1.46;A;2024-09-06T08:16:22+00:00;"{""OBS_STATUS"": ""A"", ""OBS_CONF"": ""F""}";;;;;F;;;
MIR1;MIR1.M.FR.B.A22HR.A.R.A.2254U6.EUR.N;Taux des crédits nouveaux à l'habitat (hors négociations) aux particuliers;Interest rates on new business loans for house purchase (excluding renegotiations) to domestic households;2018-11;2018-11-01;2018-11-30;1.47;A;2024-09-06T08:16:22+00:00;"{""OBS_STATUS"": ""A"", ""OBS_CONF"": ""F""}";;;;;F;;;
MIR1;MIR1.M.FR.B.A22HR.A.R.A.2254U6.EUR.N;Taux des crédits nouveaux à l'habitat (hors négociations) aux particuliers;Interest rates on new business loans for house purchase (excluding renegotiations) to domestic households;2018-10;2018-10-01;2018-10-31;1.48;A;2024-09-06T08:16:22+00:00;"{""OBS_STATUS"": ""A"", ""OBS_CONF"": ""F""}";;;;;F;;;
MIR1;MIR1.M.FR.B.A22HR.A.R.A.2254U6.EUR.N;Taux des crédits nouveaux à l'habitat (hors négociations) aux particuliers;Interest rates on new business loans for house purchase (excluding renegotiations) to domestic households;2018-09;2018-09-01;2018-09-30;1.49;A;2024-09-06T08:16:22+00:00;"{""OBS_STATUS"": ""A"", ""OBS_CONF"": ""F""}";;;;;F;;;
MIR1;MIR1.M.FR.B.A22HR.A.R.A.2254U6.EUR.N;Taux des crédits nouveaux à l'habitat (hors négociations) aux particuliers;Interest rates on new business loans for house purchase (excluding renegotiations) to domestic households;2018-08;2018-08-01;2018-08-31;1.49;A;2024-09-06T08:16:22+00:00;"{""OBS_STATUS"": ""A"", ""OBS_CONF"": ""F""}";;;;;F;;;
MIR1;MIR1.M.FR.B.A22HR.A.R.A.2254U6.EUR.N;Taux des crédits nouveaux à l'habitat (hors négociations) aux particuliers;Interest rates on new business loans for house purchase (excluding renegotiations) to domestic households;2018-07;2018-07-01;2018-07-31;1.5;A;2024-09-06T08:16:22+00:00;"{""OBS_STATUS"": ""A"", ""OBS_CONF"": ""F""}";;;;;F;;;
MIR1;MIR1.M.FR.B.A22HR.A.R.A.2254U6.EUR.N;Taux des crédits nouveaux à l'habitat (hors négociations) aux particuliers;Interest rates on new business loans for house purchase (excluding renegotiations) to domestic households;2018-06;2018-06-01;2018-06-30;1.51;A;2024-09-06T08:16:22+00:00;"{""OBS_STATUS"": ""A"", ""OBS_CONF"": ""F""}";;;;;F;;;
MIR1;MIR1.M.FR.B.A22HR.A.R.A.2254U6.EUR.N;Taux des crédits nouveaux à l'habitat (hors négociations) aux particuliers;Interest rates on new business loans for house purchase (excluding renegotiations) to domestic households;2018-05;2018-05-01;2018-05-31;1.52;A;2024-09-06T08:16:22+00:00;"{""OBS_STATUS"": ""A"", ""OBS_CONF"": ""F""}";;;;;F;;;
MIR1;MIR1.M.FR.B.A22HR.A.R.A.2254U6.EUR.N;Taux des crédits nouveaux à l'habitat (hors négociations) aux particuliers;Interest rates on new business loans for house purchase (excluding renegotiations) to domestic households;2018-04;2018-04-01;2018-04-30;1.53;A;2024-09-06T08:16:22+00:00;"{""OBS_STATUS"": ""A"", ""OBS_CONF"": ""F""}";;;;;F;;;
MIR1;MIR1.M.FR.B.A22HR.A.R.A.2254U6.EUR.N;Taux des crédits nouveaux à l'habitat (hors négociations) aux particuliers;Interest rates on new business loans for house purchase (excluding renegotiations) to domestic households;2018-03;2018-03-01;2018-03-31;1.53;A;2024-09-06T08:16:22+00:00;"{""OBS_STATUS"": ""A"", ""OBS_CONF"": ""F""}";;;;;F;;;
MIR1;MIR1.M.FR.B.A22HR.A.R.A.2254U6.EUR.N;Taux des crédits nouveaux à l'habitat (hors négociations) aux particuliers;Interest rates on new business loans for house purchase (excluding renegotiations) to domestic households;2018-02;2018-02-01;2018-02-28;1.56;A;2024-09-06T08:16:22+00:00;"{""OBS_STATUS"": ""A"", ""OBS_CONF"": ""F""}";;;;;F;;;
MIR1;MIR1.M.FR.B.A22HR.A.R.A.2254U6.EUR.N;Taux des crédits nouveaux à l'habitat (hors négociations) aux particuliers;Interest rates on new business loans for house purchase (excluding renegotiations) to domestic households;2018-01;2018-01-01;2018-01-31;1.58;A;2024-09-06T08:16:22+00:00;"{""OBS_STATUS"": ""A"", ""OBS_CONF"": ""F""}";;;;;F;;;
MIR1;MIR1.M.FR.B.A22HR.A.R.A.2254U6.EUR.N;Taux des crédits nouveaux à l'habitat (hors négociations) aux particuliers;Interest rates on new business loans for house purchase (excluding renegotiations) to domestic households;2017-12;2017-12-01;2017-12-31;1.57;A;2024-09-06T08:16:22+00:00;"{""OBS_STATUS"": ""A"", ""OBS_CONF"": ""F""}";;;;;F;;;
MIR1;MIR1.M.FR.B.A22HR.A.R.A.2254U6.EUR.N;Taux des crédits nouveaux à l'habitat (hors négociations) aux particuliers;Interest rates on new business loans for house purchase (excluding renegotiations) to domestic households;2017-11;2017-11-01;2017-11-30;1.6;A;2024-09-06T08:16:22+00:00;"{""OBS_STATUS"": ""A"", ""OBS_CONF"": ""F""}";;;;;F;;;
MIR1;MIR1.M.FR.B.A22HR.A.R.A.2254U6.EUR.N;Taux des crédits nouveaux à l'habitat (hors négociations) aux particuliers;Interest rates on new business loans for house purchase (excluding renegotiations) to domestic households;2017-10;2017-10-01;2017-10-31;1.62;A;2024-09-06T08:16:22+00:00;"{""OBS_STATUS"": ""A"", ""OBS_CONF"": ""F""}";;;;;F;;;
MIR1;MIR1.M.FR.B.A22HR.A.R.A.2254U6.EUR.N;Taux des crédits nouveaux à l'habitat (hors négociations) aux particuliers;Interest rates on new business loans for house purchase (excluding renegotiations) to domestic households;2017-09;2017-09-01;2017-09-30;1.61;A;2024-09-06T08:16:22+00:00;"{""OBS_STATUS"": ""A"", ""OBS_CONF"": ""F""}";;;;;F;;;
MIR1;MIR1.M.FR.B.A22HR.A.R.A.2254U6.EUR.N;Taux des crédits nouveaux à l'habitat (hors négociations) aux particuliers;Interest rates on new business loans for house purchase (excluding renegotiations) to domestic households;2017-08;2017-08-01;2017-08-31;1.62;A;2024-09-06T08:16:22+00:00;"{""OBS_STATUS"": ""A"", ""OBS_CONF"": ""F""}";;;;;F;;;
MIR1;MIR1.M.FR.B.A22HR.A.R.A.2254U6.EUR.N;Taux des crédits nouveaux à l'habitat (hors négociations) aux particuliers;Interest rates on new business loans for house purchase (excluding renegotiations) to domestic households;2017-07;2017-07-01;2017-07-31;1.59;A;2024-09-06T08:16:22+00:00;"{""OBS_STATUS"": ""A"", ""OBS_CONF"": ""F""}";;;;;F;;;
MIR1;MIR1.M.FR.B.A22HR.A.R.A.2254U6.EUR.N;Taux des crédits nouveaux à l'habitat (hors négociations) aux particuliers;Interest rates on new business loans for house purchase (excluding renegotiations) to domestic households;2017-06;2017-06-01;2017-06-30;1.58;A;2024-09-06T08:16:22+00:00;"{""OBS_STATUS"": ""A"", ""OBS_CONF"": ""F""}";;;;;F;;;
MIR1;MIR1.M.FR.B.A22HR.A.R.A.2254U6.EUR.N;Taux des crédits nouveaux à l'habitat (hors négociations) aux particuliers;Interest rates on new business loans for house purchase (excluding renegotiations) to domestic households;2017-05;2017-05-01;2017-05-31;1.56;A;2024-09-06T08:16:22+00:00;"{""OBS_STATUS"": ""A"", ""OBS_CONF"": ""F""}";;;;;F;;;
MIR1;MIR1.M.FR.B.A22HR.A.R.A.2254U6.EUR.N;Taux des crédits nouveaux à l'habitat (hors négociations) aux particuliers;Interest rates on new business loans for house purchase (excluding renegotiations) to domestic households;2017-04;2017-04-01;2017-04-30;1.52;A;2024-09-06T08:16:22+00:00;"{""OBS_STATUS"": ""A"", ""OBS_CONF"": ""F""}";;;;;F;;;
MIR1;MIR1.M.FR.B.A22HR.A.R.A.2254U6.EUR.N;Taux des crédits nouveaux à l'habitat (hors négociations) aux particuliers;Interest rates on new business loans for house purchase (excluding renegotiations) to domestic households;2017-03;2017-03-01;2017-03-31;1.48;A;2024-09-06T08:16:22+00:00;"{""OBS_STATUS"": ""A"", ""OBS_CONF"": ""F""}";;;;;F;;;
MIR1;MIR1.M.FR.B.A22HR.A.R.A.2254U6.EUR.N;Taux des crédits nouveaux à l'habitat (hors négociations) aux particuliers;Interest rates on new business loans for house purchase (excluding renegotiations) to domestic households;2017-02;2017-02-01;2017-02-28;1.44;A;2024-09-06T08:16:22+00:00;"{""OBS_STATUS"": ""A"", ""OBS_CONF"": ""F""}";;;;;F;;;
MIR1;MIR1.M.FR.B.A22HR.A.R.A.2254U6.EUR.N;Taux des crédits nouveaux à l'habitat (hors négociations) aux particuliers;Interest rates on new business loans for house purchase (excluding renegotiations) to domestic households;2017-01;2017-01-01;2017-01-31;1.38;A;2024-09-06T08:16:22+00:00;"{""OBS_STATUS"": ""A"", ""OBS_CONF"": ""F""}";;;;;F;;;
MIR1;MIR1.M.FR.B.A22HR.A.R.A.2254U6.EUR.N;Taux des crédits nouveaux à l'habitat (hors négociations) aux particuliers;Interest rates on new business loans for house purchase (excluding renegotiations) to domestic households;2016-12;2016-12-01;2016-12-31;1.38;A;2024-09-06T08:16:22+00:00;"{""OBS_STATUS"": ""A"", ""OBS_CONF"": ""F""}";;;;;F;;;
MIR1;MIR1.M.FR.B.A22HR.A.R.A.2254U6.EUR.N;Taux des crédits nouveaux à l'habitat (hors négociations) aux particuliers;Interest rates on new business loans for house purchase (excluding renegotiations) to domestic households;2016-11;2016-11-01;2016-11-30;1.43;A;2024-09-06T08:16:22+00:00;"{""OBS_STATUS"": ""A"", ""OBS_CONF"": ""F""}";;;;;F;;;
MIR1;MIR1.M.FR.B.A22HR.A.R.A.2254U6.EUR.N;Taux des crédits nouveaux à l'habitat (hors négociations) aux particuliers;Interest rates on new business loans for house purchase (excluding renegotiations) to domestic households;2016-10;2016-10-01;2016-10-31;1.48;A;2024-09-06T08:16:22+00:00;"{""OBS_STATUS"": ""A"", ""OBS_CONF"": ""F""}";;;;;F;;;
MIR1;MIR1.M.FR.B.A22HR.A.R.A.2254U6.EUR.N;Taux des crédits nouveaux à l'habitat (hors négociations) aux particuliers;Interest rates on new business loans for house purchase (excluding renegotiations) to domestic households;2016-09;2016-09-01;2016-09-30;1.58;A;2024-09-06T08:16:22+00:00;"{""OBS_STATUS"": ""A"", ""OBS_CONF"": ""F""}";;;;;F;;;
MIR1;MIR1.M.FR.B.A22HR.A.R.A.2254U6.EUR.N;Taux des crédits nouveaux à l'habitat (hors négociations) aux particuliers;Interest rates on new business loans for house purchase (excluding renegotiations) to domestic households;2016-08;2016-08-01;2016-08-31;1.62;A;2024-09-06T08:16:22+00:00;"{""OBS_STATUS"": ""A"", ""OBS_CONF"": ""F""}";;;;;F;;;
MIR1;MIR1.M.FR.B.A22HR.A.R.A.2254U6.EUR.N;Taux des crédits nouveaux à l'habitat (hors négociations) aux particuliers;Interest rates on new business loans for house purchase (excluding renegotiations) to domestic households;2016-07;2016-07-01;2016-07-31;1.67;A;2024-09-06T08:16:22+00:00;"{""OBS_STATUS"": ""A"", ""OBS_CONF"": ""F""}";;;;;F;;;
MIR1;MIR1.M.FR.B.A22HR.A.R.A.2254U6.EUR.N;Taux des crédits nouveaux à l'habitat (hors négociations) aux particuliers;Interest rates on new business loans for house purchase (excluding renegotiations) to domestic households;2016-06;2016-06-01;2016-06-30;1.75;A;2024-09-06T08:16:22+00:00;"{""OBS_STATUS"": ""A"", ""OBS_CONF"": ""F""}";;;;;F;;;
MIR1;MIR1.M.FR.B.A22HR.A.R.A.2254U6.EUR.N;Taux des crédits nouveaux à l'habitat (hors négociations) aux particuliers;Interest rates on new business loans for house purchase (excluding renegotiations) to domestic households;2016-05;2016-05-01;2016-05-31;1.88;A;2024-09-06T08:16:22+00:00;"{""OBS_STATUS"": ""A"", ""OBS_CONF"": ""F""}";;;;;F;;;
MIR1;MIR1.M.FR.B.A22HR.A.R.A.2254U6.EUR.N;Taux des crédits nouveaux à l'habitat (hors négociations) aux particuliers;Interest rates on new business loans for house purchase (excluding renegotiations) to domestic households;2016-04;2016-04-01;2016-04-30;2.02;A;2024-09-06T08:16:22+00:00;"{""OBS_STATUS"": ""A"", ""OBS_CONF"": ""F""}";;;;;F;;;
MIR1;MIR1.M.FR.B.A22HR.A.R.A.2254U6.EUR.N;Taux des crédits nouveaux à l'habitat (hors négociations) aux particuliers;Interest rates on new business loans for house purchase (excluding renegotiations) to domestic households;2016-03;2016-03-01;2016-03-31;2.12;A;2024-09-06T08:16:22+00:00;"{""OBS_STATUS"": ""A"", ""OBS_CONF"": ""F""}";;;;;F;;;
MIR1;MIR1.M.FR.B.A22HR.A.R.A.2254U6.EUR.N;Taux des crédits nouveaux à l'habitat (hors négociations) aux particuliers;Interest rates on new business loans for house purchase (excluding renegotiations) to domestic households;2016-02;2016-02-01;2016-02-29;2.2;A;2024-09-06T08:16:22+00:00;"{""OBS_STATUS"": ""A"", ""OBS_CONF"": ""F""}";;;;;F;;;
MIR1;MIR1.M.FR.B.A22HR.A.R.A.2254U6.EUR.N;Taux des crédits nouveaux à l'habitat (hors négociations) aux particuliers;Interest rates on new business loans for house purchase (excluding renegotiations) to domestic households;2016-01;2016-01-01;2016-01-31;2.27;A;2024-09-06T08:16:22+00:00;"{""OBS_STATUS"": ""A"", ""OBS_CONF"": ""F""}";;;;;F;;;
MIR1;MIR1.M.FR.B.A22HR.A.R.A.2254U6.EUR.N;Taux des crédits nouveaux à l'habitat (hors négociations) aux particuliers;Interest rates on new business loans for house purchase (excluding renegotiations) to domestic households;2015-12;2015-12-01;2015-12-31;2.27;A;2024-09-06T08:16:22+00:00;"{""OBS_STATUS"": ""A"", ""OBS_CONF"": ""F""}";;;;;F;;;
MIR1;MIR1.M.FR.B.A22HR.A.R.A.2254U6.EUR.N;Taux des crédits nouveaux à l'habitat (hors négociations) aux particuliers;Interest rates on new business loans for house purchase (excluding renegotiations) to domestic households;2015-11;2015-11-01;2015-11-30;2.29;A;2024-09-06T08:16:22+00:00;"{""OBS_STATUS"": ""A"", ""OBS_CONF"": ""F""}";;;;;F;;;
MIR1;MIR1.M.FR.B.A22HR.A.R.A.2254U6.EUR.N;Taux des crédits nouveaux à l'habitat (hors négociations) aux particuliers;Interest rates on new business loans for house purchase (excluding renegotiations) to domestic households;2015-10;2015-10-01;2015-10-31;2.23;A;2024-09-06T08:16:22+00:00;"{""OBS_STATUS"": ""A"", ""OBS_CONF"": ""F""}";;;;;F;;;
MIR1;MIR1.M.FR.B.A22HR.A.R.A.2254U6.EUR.N;Taux des crédits nouveaux à l'habitat (hors négociations) aux particuliers;Interest rates on new business loans for house purchase (excluding renegotiations) to domestic households;2015-09;2015-09-01;2015-09-30;2.17;A;2024-09-06T08:16:22+00:00;"{""OBS_STATUS"": ""A"", ""OBS_CONF"": ""F""}";;;;;F;;;
MIR1;MIR1.M.FR.B.A22HR.A.R.A.2254U6.EUR.N;Taux des crédits nouveaux à l'habitat (hors négociations) aux particuliers;Interest rates on new business loans for house purchase (excluding renegotiations) to domestic households;2015-08;2015-08-01;2015-08-31;2.1;A;2024-09-06T08:16:22+00:00;"{""OBS_STATUS"": ""A"", ""OBS_CONF"": ""F""}";;;;;F;;;
MIR1;MIR1.M.FR.B.A22HR.A.R.A.2254U6.EUR.N;Taux des crédits nouveaux à l'habitat (hors négociations) aux particuliers;Interest rates on new business loans for house purchase (excluding renegotiations) to domestic households;2015-07;2015-07-01;2015-07-31;2.08;A;2024-09-06T08:16:22+00:00;"{""OBS_STATUS"": ""A"", ""OBS_CONF"": ""F""}";;;;;F;;;
MIR1;MIR1.M.FR.B.A22HR.A.R.A.2254U6.EUR.N;Taux des crédits nouveaux à l'habitat (hors négociations) aux particuliers;Interest rates on new business loans for house purchase (excluding renegotiations) to domestic households;2015-06;2015-06-01;2015-06-30;2.13;A;2024-09-06T08:16:22+00:00;"{""OBS_STATUS"": ""A"", ""OBS_CONF"": ""F""}";;;;;F;;;
MIR1;MIR1.M.FR.B.A22HR.A.R.A.2254U6.EUR.N;Taux des crédits nouveaux à l'habitat (hors négociations) aux particuliers;Interest rates on new business loans for house purchase (excluding renegotiations) to domestic households;2015-05;2015-05-01;2015-05-31;2.18;A;2024-09-06T08:16:22+00:00;"{""OBS_STATUS"": ""A"", ""OBS_CONF"": ""F""}";;;;;F;;;
MIR1;MIR1.M.FR.B.A22HR.A.R.A.2254U6.EUR.N;Taux des crédits nouveaux à l'habitat (hors négociations) aux particuliers;Interest rates on new business loans for house purchase (excluding renegotiations) to domestic households;2015-04;2015-04-01;2015-04-30;2.24;A;2024-09-06T08:16:22+00:00;"{""OBS_STATUS"": ""A"", ""OBS_CONF"": ""F""}";;;;;F;;;
MIR1;MIR1.M.FR.B.A22HR.A.R.A.2254U6.EUR.N;Taux des crédits nouveaux à l'habitat (hors négociations) aux particuliers;Interest rates on new business loans for house purchase (excluding renegotiations) to domestic households;2015-03;2015-03-01;2015-03-31;2.34;A;2024-09-06T08:16:22+00:00;"{""OBS_STATUS"": ""A"", ""OBS_CONF"": ""F""}";;;;;F;;;
MIR1;MIR1.M.FR.B.A22HR.A.R.A.2254U6.EUR.N;Taux des crédits nouveaux à l'habitat (hors négociations) aux particuliers;Interest rates on new business loans for house purchase (excluding renegotiations) to domestic households;2015-02;2015-02-01;2015-02-28;2.42;A;2024-09-06T08:16:22+00:00;"{""OBS_STATUS"": ""A"", ""OBS_CONF"": ""F""}";;;;;F;;;
MIR1;MIR1.M.FR.B.A22HR.A.R.A.2254U6.EUR.N;Taux des crédits nouveaux à l'habitat (hors négociations) aux particuliers;Interest rates on new business loans for house purchase (excluding renegotiations) to domestic households;2015-01;2015-01-01;2015-01-31;2.49;A;2024-09-06T08:16:22+00:00;"{""OBS_STATUS"": ""A"", ""OBS_CONF"": ""F""}";;;;;F;;;
MIR1;MIR1.M.FR.B.A22HR.A.R.A.2254U6.EUR.N;Taux des crédits nouveaux à l'habitat (hors négociations) aux particuliers;Interest rates on new business loans for house purchase (excluding renegotiations) to domestic households;2014-12;2014-12-01;2014-12-31;2.55;A;2024-09-06T08:16:22+00:00;"{""OBS_STATUS"": ""A"", ""OBS_CONF"": ""F""}";;;;;F;;;
MIR1;MIR1.M.FR.B.A22HR.A.R.A.2254U6.EUR.N;Taux des crédits nouveaux à l'habitat (hors négociations) aux particuliers;Interest rates on new business loans for house purchase (excluding renegotiations) to domestic households;2014-11;2014-11-01;2014-11-30;;M;2024-09-06T08:16:22+00:00;"{""OBS_STATUS"": ""M"", ""OBS_CONF"": ""F""}";;;;;F;;;
MIR1;MIR1.M.FR.B.A22HR.A.R.A.2254U6.EUR.N;Taux des crédits nouveaux à l'habitat (hors négociations) aux particuliers;Interest rates on new business loans for house purchase (excluding renegotiations) to domestic households;2014-10;2014-10-01;2014-10-31;;M;2024-09-06T08:16:22+00:00;"{""OBS_STATUS"": ""M"", ""OBS_CONF"": ""F""}";;;;;F;;;
MIR1;MIR1.M.FR.B.A22HR.A.R.A.2254U6.EUR.N;Taux des crédits nouveaux à l'habitat (hors négociations) aux particuliers;Interest rates on new business loans for house purchase (excluding renegotiations) to domestic households;2014-09;2014-09-01;2014-09-30;;M;2024-09-06T08:16:22+00:00;"{""OBS_STATUS"": ""M"", ""OBS_CONF"": ""F""}";;;;;F;;;
MIR1;MIR1.M.FR.B.A22HR.A.R.A.2254U6.EUR.N;Taux des crédits nouveaux à l'habitat (hors négociations) aux particuliers;Interest rates on new business loans for house purchase (excluding renegotiations) to domestic households;2014-08;2014-08-01;2014-08-31;;M;2024-09-06T08:16:22+00:00;"{""OBS_STATUS"": ""M"", ""OBS_CONF"": ""F""}";;;;;F;;;
MIR1;MIR1.M.FR.B.A22HR.A.R.A.2254U6.EUR.N;Taux des crédits nouveaux à l'habitat (hors négociations) aux particuliers;Interest rates on new business loans for house purchase (excluding renegotiations) to domestic households;2014-07;2014-07-01;2014-07-31;;M;2024-09-06T08:16:22+00:00;"{""OBS_STATUS"": ""M"", ""OBS_CONF"": ""F""}";;;;;F;;;
MIR1;MIR1.M.FR.B.A22HR.A.R.A.2254U6.EUR.N;Taux des crédits nouveaux à l'habitat (hors négociations) aux particuliers;Interest rates on new business loans for house purchase (excluding renegotiations) to domestic households;2014-06;2014-06-01;2014-06-30;;M;2024-09-06T08:16:22+00:00;"{""OBS_STATUS"": ""M"", ""OBS_CONF"": ""F""}";;;;;F;;;
MIR1;MIR1.M.FR.B.A22HR.A.R.A.2254U6.EUR.N;Taux des crédits nouveaux à l'habitat (hors négociations) aux particuliers;Interest rates on new business loans for house purchase (excluding renegotiations) to domestic households;2014-05;2014-05-01;2014-05-31;;M;2024-09-06T08:16:22+00:00;"{""OBS_STATUS"": ""M"", ""OBS_CONF"": ""F""}";;;;;F;;;
MIR1;MIR1.M.FR.B.A22HR.A.R.A.2254U6.EUR.N;Taux des crédits nouveaux à l'habitat (hors négociations) aux particuliers;Interest rates on new business loans for house purchase (excluding renegotiations) to domestic households;2014-04;2014-04-01;2014-04-30;;M;2024-09-06T08:16:22+00:00;"{""OBS_STATUS"": ""M"", ""OBS_CONF"": ""F""}";;;;;F;;;
MIR1;MIR1.M.FR.B.A22HR.A.R.A.2254U6.EUR.N;Taux des crédits nouveaux à l'habitat (hors négociations) aux particuliers;Interest rates on new business loans for house purchase (excluding renegotiations) to domestic households;2014-03;2014-03-01;2014-03-31;;M;2024-09-06T08:16:22+00:00;"{""OBS_STATUS"": ""M"", ""OBS_CONF"": ""F""}";;;;;F;;;
MIR1;MIR1.M.FR.B.A22HR.A.R.A.2254U6.EUR.N;Taux des crédits nouveaux à l'habitat (hors négociations) aux particuliers;Interest rates on new business loans for house purchase (excluding renegotiations) to domestic households;2014-02;2014-02-01;2014-02-28;;M;2024-09-06T08:16:22+00:00;"{""OBS_STATUS"": ""M"", ""OBS_CONF"": ""F""}";;;;;F;;;
MIR1;MIR1.M.FR.B.A22HR.A.R.A.2254U6.EUR.N;Taux des crédits nouveaux à l'habitat (hors négociations) aux particuliers;Interest rates on new business loans for house purchase (excluding renegotiations) to domestic households;2014-01;2014-01-01;2014-01-31;;M;2024-09-06T08:16:22+00:00;"{""OBS_STATUS"": ""M"", ""OBS_CONF"": ""F""}";;;;;F;;;
MIR1;MIR1.M.FR.B.A22HR.A.R.A.2254U6.EUR.N;Taux des crédits nouveaux à l'habitat (hors négociations) aux particuliers;Interest rates on new business loans for house purchase (excluding renegotiations) to domestic households;2013-12;2013-12-01;2013-12-31;;M;2024-09-06T08:16:22+00:00;"{""OBS_STATUS"": ""M"", ""OBS_CONF"": ""F""}";;;;;F;;;
MIR1;MIR1.M.FR.B.A22HR.A.R.A.2254U6.EUR.N;Taux des crédits nouveaux à l'habitat (hors négociations) aux particuliers;Interest rates on new business loans for house purchase (excluding renegotiations) to domestic households;2013-11;2013-11-01;2013-11-30;;M;2024-09-06T08:16:22+00:00;"{""OBS_STATUS"": ""M"", ""OBS_CONF"": ""F""}";;;;;F;;;
MIR1;MIR1.M.FR.B.A22HR.A.R.A.2254U6.EUR.N;Taux des crédits nouveaux à l'habitat (hors négociations) aux particuliers;Interest rates on new business loans for house purchase (excluding renegotiations) to domestic households;2013-10;2013-10-01;2013-10-31;;M;2024-09-06T08:16:22+00:00;"{""OBS_STATUS"": ""M"", ""OBS_CONF"": ""F""}";;;;;F;;;
MIR1;MIR1.M.FR.B.A22HR.A.R.A.2254U6.EUR.N;Taux des crédits nouveaux à l'habitat (hors négociations) aux particuliers;Interest rates on new business loans for house purchase (excluding renegotiations) to domestic households;2013-09;2013-09-01;2013-09-30;;M;2024-09-06T08:16:22+00:00;"{""OBS_STATUS"": ""M"", ""OBS_CONF"": ""F""}";;;;;F;;;
MIR1;MIR1.M.FR.B.A22HR.A.R.A.2254U6.EUR.N;Taux des crédits nouveaux à l'habitat (hors négociations) aux particuliers;Interest rates on new business loans for house purchase (excluding renegotiations) to domestic households;2013-08;2013-08-01;2013-08-31;;M;2024-09-06T08:16:22+00:00;"{""OBS_STATUS"": ""M"", ""OBS_CONF"": ""F""}";;;;;F;;;
MIR1;MIR1.M.FR.B.A22HR.A.R.A.2254U6.EUR.N;Taux des crédits nouveaux à l'habitat (hors négociations) aux particuliers;Interest rates on new business loans for house purchase (excluding renegotiations) to domestic households;2013-07;2013-07-01;2013-07-31;;M;2024-09-06T08:16:22+00:00;"{""OBS_STATUS"": ""M"", ""OBS_CONF"": ""F""}";;;;;F;;;
MIR1;MIR1.M.FR.B.A22HR.A.R.A.2254U6.EUR.N;Taux des crédits nouveaux à l'habitat (hors négociations) aux particuliers;Interest rates on new business loans for house purchase (excluding renegotiations) to domestic households;2013-06;2013-06-01;2013-06-30;;M;2024-09-06T08:16:22+00:00;"{""OBS_STATUS"": ""M"", ""OBS_CONF"": ""F""}";;;;;F;;;
MIR1;MIR1.M.FR.B.A22HR.A.R.A.2254U6.EUR.N;Taux des crédits nouveaux à l'habitat (hors négociations) aux particuliers;Interest rates on new business loans for house purchase (excluding renegotiations) to domestic households;2013-05;2013-05-01;2013-05-31;;M;2024-09-06T08:16:22+00:00;"{""OBS_STATUS"": ""M"", ""OBS_CONF"": ""F""}";;;;;F;;;
MIR1;MIR1.M.FR.B.A22HR.A.R.A.2254U6.EUR.N;Taux des crédits nouveaux à l'habitat (hors négociations) aux particuliers;Interest rates on new business loans for house purchase (excluding renegotiations) to domestic households;2013-04;2013-04-01;2013-04-30;;M;2024-09-06T08:16:22+00:00;"{""OBS_STATUS"": ""M"", ""OBS_CONF"": ""F""}";;;;;F;;;
MIR1;MIR1.M.FR.B.A22HR.A.R.A.2254U6.EUR.N;Taux des crédits nouveaux à l'habitat (hors négociations) aux particuliers;Interest rates on new business loans for house purchase (excluding renegotiations) to domestic households;2013-03;2013-03-01;2013-03-31;;M;2024-09-06T08:16:22+00:00;"{""OBS_STATUS"": ""M"", ""OBS_CONF"": ""F""}";;;;;F;;;
MIR1;MIR1.M.FR.B.A22HR.A.R.A.2254U6.EUR.N;Taux des crédits nouveaux à l'habitat (hors négociations) aux particuliers;Interest rates on new business loans for house purchase (excluding renegotiations) to domestic households;2013-02;2013-02-01;2013-02-28;;M;2024-09-06T08:16:22+00:00;"{""OBS_STATUS"": ""M"", ""OBS_CONF"": ""F""}";;;;;F;;;
MIR1;MIR1.M.FR.B.A22HR.A.R.A.2254U6.EUR.N;Taux des crédits nouveaux à l'habitat (hors négociations) aux particuliers;Interest rates on new business loans for house purchase (excluding renegotiations) to domestic households;2013-01;2013-01-01;2013-01-31;;M;2024-09-06T08:16:22+00:00;"{""OBS_STATUS"": ""M"", ""OBS_CONF"": ""F""}";;;;;F;;;
MIR1;MIR1.M.FR.B.A22HR.A.R.A.2254U6.EUR.N;Taux des crédits nouveaux à l'habitat (hors négociations) aux particuliers;Interest rates on new business loans for house purchase (excluding renegotiations) to domestic households;2012-12;2012-12-01;2012-12-31;;M;2024-09-06T08:16:22+00:00;"{""OBS_STATUS"": ""M"", ""OBS_CONF"": ""F""}";;;;;F;;;
MIR1;MIR1.M.FR.B.A22HR.A.R.A.2254U6.EUR.N;Taux des crédits nouveaux à l'habitat (hors négociations) aux particuliers;Interest rates on new business loans for house purchase (excluding renegotiations) to domestic households;2012-11;2012-11-01;2012-11-30;;M;2024-09-06T08:16:22+00:00;"{""OBS_STATUS"": ""M"", ""OBS_CONF"": ""F""}";;;;;F;;;
MIR1;MIR1.M.FR.B.A22HR.A.R.A.2254U6.EUR.N;Taux des crédits nouveaux à l'habitat (hors négociations) aux particuliers;Interest rates on new business loans for house purchase (excluding renegotiations) to domestic households;2012-10;2012-10-01;2012-10-31;;M;2024-09-06T08:16:22+00:00;"{""OBS_STATUS"": ""M"", ""OBS_CONF"": ""F""}";;;;;F;;;
MIR1;MIR1.M.FR.B.A22HR.A.R.A.2254U6.EUR.N;Taux des crédits nouveaux à l'habitat (hors négociations) aux particuliers;Interest rates on new business loans for house purchase (excluding renegotiations) to domestic households;2012-09;2012-09-01;2012-09-30;;M;2024-09-06T08:16:22+00:00;"{""OBS_STATUS"": ""M"", ""OBS_CONF"": ""F""}";;;;;F;;;
MIR1;MIR1.M.FR.B.A22HR.A.R.A.2254U6.EUR.N;Taux des crédits nouveaux à l'habitat (hors négociations) aux particuliers;Interest rates on new business loans for house purchase (excluding renegotiations) to domestic households;2012-08;2012-08-01;2012-08-31;;M;2024-09-06T08:16:22+00:00;"{""OBS_STATUS"": ""M"", ""OBS_CONF"": ""F""}";;;;;F;;;
MIR1;MIR1.M.FR.B.A22HR.A.R.A.2254U6.EUR.N;Taux des crédits nouveaux à l'habitat (hors négociations) aux particuliers;Interest rates on new business loans for house purchase (excluding renegotiations) to domestic households;2012-07;2012-07-01;2012-07-31;;M;2024-09-06T08:16:22+00:00;"{""OBS_STATUS"": ""M"", ""OBS_CONF"": ""F""}";;;;;F;;;
MIR1;MIR1.M.FR.B.A22HR.A.R.A.2254U6.EUR.N;Taux des crédits nouveaux à l'habitat (hors négociations) aux particuliers;Interest rates on new business loans for house purchase (excluding renegotiations) to domestic households;2012-06;2012-06-01;2012-06-30;;M;2024-09-06T08:16:22+00:00;"{""OBS_STATUS"": ""M"", ""OBS_CONF"": ""F""}";;;;;F;;;
MIR1;MIR1.M.FR.B.A22HR.A.R.A.2254U6.EUR.N;Taux des crédits nouveaux à l'habitat (hors négociations) aux particuliers;Interest rates on new business loans for house purchase (excluding renegotiations) to domestic households;2012-05;2012-05-01;2012-05-31;;M;2024-09-06T08:16:22+00:00;"{""OBS_STATUS"": ""M"", ""OBS_CONF"": ""F""}";;;;;F;;;
MIR1;MIR1.M.FR.B.A22HR.A.R.A.2254U6.EUR.N;Taux des crédits nouveaux à l'habitat (hors négociations) aux particuliers;Interest rates on new business loans for house purchase (excluding renegotiations) to domestic households;2012-04;2012-04-01;2012-04-30;;M;2024-09-06T08:16:22+00:00;"{""OBS_STATUS"": ""M"", ""OBS_CONF"": ""F""}";;;;;F;;;
MIR1;MIR1.M.FR.B.A22HR.A.R.A.2254U6.EUR.N;Taux des crédits nouveaux à l'habitat (hors négociations) aux particuliers;Interest rates on new business loans for house purchase (excluding renegotiations) to domestic households;2012-03;2012-03-01;2012-03-31;;M;2024-09-06T08:16:22+00:00;"{""OBS_STATUS"": ""M"", ""OBS_CONF"": ""F""}";;;;;F;;;
MIR1;MIR1.M.FR.B.A22HR.A.R.A.2254U6.EUR.N;Taux des crédits nouveaux à l'habitat (hors négociations) aux particuliers;Interest rates on new business loans for house purchase (excluding renegotiations) to domestic households;2012-02;2012-02-01;2012-02-29;;M;2024-09-06T08:16:22+00:00;"{""OBS_STATUS"": ""M"", ""OBS_CONF"": ""F""}";;;;;F;;;
MIR1;MIR1.M.FR.B.A22HR.A.R.A.2254U6.EUR.N;Taux des crédits nouveaux à l'habitat (hors négociations) aux particuliers;Interest rates on new business loans for house purchase (excluding renegotiations) to domestic households;2012-01;2012-01-01;2012-01-31;;M;2024-09-06T08:16:22+00:00;"{""OBS_STATUS"": ""M"", ""OBS_CONF"": ""F""}";;;;;F;;;
MIR1;MIR1.M.FR.B.A22HR.A.R.A.2254U6.EUR.N;Taux des crédits nouveaux à l'habitat (hors négociations) aux particuliers;Interest rates on new business loans for house purchase (excluding renegotiations) to domestic households;2011-12;2011-12-01;2011-12-31;;M;2024-09-06T08:16:22+00:00;"{""OBS_STATUS"": ""M"", ""OBS_CONF"": ""F""}";;;;;F;;;
MIR1;MIR1.M.FR.B.A22HR.A.R.A.2254U6.EUR.N;Taux des crédits nouveaux à l'habitat (hors négociations) aux particuliers;Interest rates on new business loans for house purchase (excluding renegotiations) to domestic households;2011-11;2011-11-01;2011-11-30;;M;2024-09-06T08:16:22+00:00;"{""OBS_STATUS"": ""M"", ""OBS_CONF"": ""F""}";;;;;F;;;
MIR1;MIR1.M.FR.B.A22HR.A.R.A.2254U6.EUR.N;Taux des crédits nouveaux à l'habitat (hors négociations) aux particuliers;Interest rates on new business loans for house purchase (excluding renegotiations) to domestic households;2011-10;2011-10-01;2011-10-31;;M;2024-09-06T08:16:22+00:00;"{""OBS_STATUS"": ""M"", ""OBS_CONF"": ""F""}";;;;;F;;;
MIR1;MIR1.M.FR.B.A22HR.A.R.A.2254U6.EUR.N;Taux des crédits nouveaux à l'habitat (hors négociations) aux particuliers;Interest rates on new business loans for house purchase (excluding renegotiations) to domestic households;2011-09;2011-09-01;2011-09-30;;M;2024-09-06T08:16:22+00:00;"{""OBS_STATUS"": ""M"", ""OBS_CONF"": ""F""}";;;;;F;;;
MIR1;MIR1.M.FR.B.A22HR.A.R.A.2254U6.EUR.N;Taux des crédits nouveaux à l'habitat (hors négociations) aux particuliers;Interest rates on new business loans for house purchase (excluding renegotiations) to domestic households;2011-08;2011-08-01;2011-08-31;;M;2024-09-06T08:16:22+00:00;"{""OBS_STATUS"": ""M"", ""OBS_CONF"": ""F""}";;;;;F;;;
MIR1;MIR1.M.FR.B.A22HR.A.R.A.2254U6.EUR.N;Taux des crédits nouveaux à l'habitat (hors négociations) aux particuliers;Interest rates on new business loans for house purchase (excluding renegotiations) to domestic households;2011-07;2011-07-01;2011-07-31;;M;2024-09-06T08:16:22+00:00;"{""OBS_STATUS"": ""M"", ""OBS_CONF"": ""F""}";;;;;F;;;
MIR1;MIR1.M.FR.B.A22HR.A.R.A.2254U6.EUR.N;Taux des crédits nouveaux à l'habitat (hors négociations) aux particuliers;Interest rates on new business loans for house purchase (excluding renegotiations) to domestic households;2011-06;2011-06-01;2011-06-30;;M;2024-09-06T08:16:22+00:00;"{""OBS_STATUS"": ""M"", ""OBS_CONF"": ""F""}";;;;;F;;;
MIR1;MIR1.M.FR.B.A22HR.A.R.A.2254U6.EUR.N;Taux des crédits nouveaux à l'habitat (hors négociations) aux particuliers;Interest rates on new business loans for house purchase (excluding renegotiations) to domestic households;2011-05;2011-05-01;2011-05-31;;M;2024-09-06T08:16:22+00:00;"{""OBS_STATUS"": ""M"", ""OBS_CONF"": ""F""}";;;;;F;;;
MIR1;MIR1.M.FR.B.A22HR.A.R.A.2254U6.EUR.N;Taux des crédits nouveaux à l'habitat (hors négociations) aux particuliers;Interest rates on new business loans for house purchase (excluding renegotiations) to domestic households;2011-04;2011-04-01;2011-04-30;;M;2024-09-06T08:16:22+00:00;"{""OBS_STATUS"": ""M"", ""OBS_CONF"": ""F""}";;;;;F;;;
MIR1;MIR1.M.FR.B.A22HR.A.R.A.2254U6.EUR.N;Taux des crédits nouveaux à l'habitat (hors négociations) aux particuliers;Interest rates on new business loans for house purchase (excluding renegotiations) to domestic households;2011-03;2011-03-01;2011-03-31;;M;2024-09-06T08:16:22+00:00;"{""OBS_STATUS"": ""M"", ""OBS_CONF"": ""F""}";;;;;F;;;
MIR1;MIR1.M.FR.B.A22HR.A.R.A.2254U6.EUR.N;Taux des crédits nouveaux à l'habitat (hors négociations) aux particuliers;Interest rates on new business loans for house purchase (excluding renegotiations) to domestic households;2011-02;2011-02-01;2011-02-28;;M;2024-09-06T08:16:23+00:00;"{""OBS_STATUS"": ""M"", ""OBS_CONF"": ""F""}";;;;;F;;;
MIR1;MIR1.M.FR.B.A22HR.A.R.A.2254U6.EUR.N;Taux des crédits nouveaux à l'habitat (hors négociations) aux particuliers;Interest rates on new business loans for house purchase (excluding renegotiations) to domestic households;2011-01;2011-01-01;2011-01-31;;M;2024-09-06T08:16:23+00:00;"{""OBS_STATUS"": ""M"", ""OBS_CONF"": ""F""}";;;;;F;;;
MIR1;MIR1.M.FR.B.A22HR.A.R.A.2254U6.EUR.N;Taux des crédits nouveaux à l'habitat (hors négociations) aux particuliers;Interest rates on new business loans for house purchase (excluding renegotiations) to domestic households;2010-12;2010-12-01;2010-12-31;;M;2024-09-06T08:16:23+00:00;"{""OBS_STATUS"": ""M"", ""OBS_CONF"": ""F""}";;;;;F;;;
MIR1;MIR1.M.FR.B.A22HR.A.R.A.2254U6.EUR.N;Taux des crédits nouveaux à l'habitat (hors négociations) aux particuliers;Interest rates on new business loans for house purchase (excluding renegotiations) to domestic households;2010-11;2010-11-01;2010-11-30;;M;2024-09-06T08:16:23+00:00;"{""OBS_STATUS"": ""M"", ""OBS_CONF"": ""F""}";;;;;F;;;
MIR1;MIR1.M.FR.B.A22HR.A.R.A.2254U6.EUR.N;Taux des crédits nouveaux à l'habitat (hors négociations) aux particuliers;Interest rates on new business loans for house purchase (excluding renegotiations) to domestic households;2010-10;2010-10-01;2010-10-31;;M;2024-09-06T08:16:23+00:00;"{""OBS_STATUS"": ""M"", ""OBS_CONF"": ""F""}";;;;;F;;;
MIR1;MIR1.M.FR.B.A22HR.A.R.A.2254U6.EUR.N;Taux des crédits nouveaux à l'habitat (hors négociations) aux particuliers;Interest rates on new business loans for house purchase (excluding renegotiations) to domestic households;2010-09;2010-09-01;2010-09-30;;M;2024-09-06T08:16:23+00:00;"{""OBS_STATUS"": ""M"", ""OBS_CONF"": ""F""}";;;;;F;;;
MIR1;MIR1.M.FR.B.A22HR.A.R.A.2254U6.EUR.N;Taux des crédits nouveaux à l'habitat (hors négociations) aux particuliers;Interest rates on new business loans for house purchase (excluding renegotiations) to domestic households;2010-08;2010-08-01;2010-08-31;;M;2024-09-06T08:16:23+00:00;"{""OBS_STATUS"": ""M"", ""OBS_CONF"": ""F""}";;;;;F;;;
MIR1;MIR1.M.FR.B.A22HR.A.R.A.2254U6.EUR.N;Taux des crédits nouveaux à l'habitat (hors négociations) aux particuliers;Interest rates on new business loans for house purchase (excluding renegotiations) to domestic households;2010-07;2010-07-01;2010-07-31;;M;2024-09-06T08:16:23+00:00;"{""OBS_STATUS"": ""M"", ""OBS_CONF"": ""F""}";;;;;F;;;
MIR1;MIR1.M.FR.B.A22HR.A.R.A.2254U6.EUR.N;Taux des crédits nouveaux à l'habitat (hors négociations) aux particuliers;Interest rates on new business loans for house purchase (excluding renegotiations) to domestic households;2010-06;2010-06-01;2010-06-30;;M;2024-09-06T08:16:23+00:00;"{""OBS_STATUS"": ""M"", ""OBS_CONF"": ""F""}";;;;;F;;;
MIR1;MIR1.M.FR.B.A22HR.A.R.A.2254U6.EUR.N;Taux des crédits nouveaux à l'habitat (hors négociations) aux particuliers;Interest rates on new business loans for house purchase (excluding renegotiations) to domestic households;2010-05;2010-05-01;2010-05-31;;M;2024-09-06T08:16:23+00:00;"{""OBS_STATUS"": ""M"", ""OBS_CONF"": ""F""}";;;;;F;;;
MIR1;MIR1.M.FR.B.A22HR.A.R.A.2254U6.EUR.N;Taux des crédits nouveaux à l'habitat (hors négociations) aux particuliers;Interest rates on new business loans for house purchase (excluding renegotiations) to domestic households;2010-04;2010-04-01;2010-04-30;;M;2024-09-06T08:16:23+00:00;"{""OBS_STATUS"": ""M"", ""OBS_CONF"": ""F""}";;;;;F;;;
MIR1;MIR1.M.FR.B.A22HR.A.R.A.2254U6.EUR.N;Taux des crédits nouveaux à l'habitat (hors négociations) aux particuliers;Interest rates on new business loans for house purchase (excluding renegotiations) to domestic households;2010-03;2010-03-01;2010-03-31;;M;2024-09-06T08:16:23+00:00;"{""OBS_STATUS"": ""M"", ""OBS_CONF"": ""F""}";;;;;F;;;
MIR1;MIR1.M.FR.B.A22HR.A.R.A.2254U6.EUR.N;Taux des crédits nouveaux à l'habitat (hors négociations) aux particuliers;Interest rates on new business loans for house purchase (excluding renegotiations) to domestic households;2010-02;2010-02-01;2010-02-28;;M;2024-09-06T08:16:23+00:00;"{""OBS_STATUS"": ""M"", ""OBS_CONF"": ""F""}";;;;;F;;;
MIR1;MIR1.M.FR.B.A22HR.A.R.A.2254U6.EUR.N;Taux des crédits nouveaux à l'habitat (hors négociations) aux particuliers;Interest rates on new business loans for house purchase (excluding renegotiations) to domestic households;2010-01;2010-01-01;2010-01-31;;M;2024-09-06T08:16:23+00:00;"{""OBS_STATUS"": ""M"", ""OBS_CONF"": ""F""}";;;;;F;;;
MIR1;MIR1.M.FR.B.A22HR.A.R.A.2254U6.EUR.N;Taux des crédits nouveaux à l'habitat (hors négociations) aux particuliers;Interest rates on new business loans for house purchase (excluding renegotiations) to domestic households;2009-12;2009-12-01;2009-12-31;;M;2024-09-06T08:16:23+00:00;"{""OBS_STATUS"": ""M"", ""OBS_CONF"": ""F""}";;;;;F;;;
MIR1;MIR1.M.FR.B.A22HR.A.R.A.2254U6.EUR.N;Taux des crédits nouveaux à l'habitat (hors négociations) aux particuliers;Interest rates on new business loans for house purchase (excluding renegotiations) to domestic households;2009-11;2009-11-01;2009-11-30;;M;2024-09-06T08:16:23+00:00;"{""OBS_STATUS"": ""M"", ""OBS_CONF"": ""F""}";;;;;F;;;
MIR1;MIR1.M.FR.B.A22HR.A.R.A.2254U6.EUR.N;Taux des crédits nouveaux à l'habitat (hors négociations) aux particuliers;Interest rates on new business loans for house purchase (excluding renegotiations) to domestic households;2009-10;2009-10-01;2009-10-31;;M;2024-09-06T08:16:23+00:00;"{""OBS_STATUS"": ""M"", ""OBS_CONF"": ""F""}";;;;;F;;;
MIR1;MIR1.M.FR.B.A22HR.A.R.A.2254U6.EUR.N;Taux des crédits nouveaux à l'habitat (hors négociations) aux particuliers;Interest rates on new business loans for house purchase (excluding renegotiations) to domestic households;2009-09;2009-09-01;2009-09-30;;M;2024-09-06T08:16:23+00:00;"{""OBS_STATUS"": ""M"", ""OBS_CONF"": ""F""}";;;;;F;;;
MIR1;MIR1.M.FR.B.A22HR.A.R.A.2254U6.EUR.N;Taux des crédits nouveaux à l'habitat (hors négociations) aux particuliers;Interest rates on new business loans for house purchase (excluding renegotiations) to domestic households;2009-08;2009-08-01;2009-08-31;;M;2024-09-06T08:16:23+00:00;"{""OBS_STATUS"": ""M"", ""OBS_CONF"": ""F""}";;;;;F;;;
MIR1;MIR1.M.FR.B.A22HR.A.R.A.2254U6.EUR.N;Taux des crédits nouveaux à l'habitat (hors négociations) aux particuliers;Interest rates on new business loans for house purchase (excluding renegotiations) to domestic households;2009-07;2009-07-01;2009-07-31;;M;2024-09-06T08:16:23+00:00;"{""OBS_STATUS"": ""M"", ""OBS_CONF"": ""F""}";;;;;F;;;
MIR1;MIR1.M.FR.B.A22HR.A.R.A.2254U6.EUR.N;Taux des crédits nouveaux à l'habitat (hors négociations) aux particuliers;Interest rates on new business loans for house purchase (excluding renegotiations) to domestic households;2009-06;2009-06-01;2009-06-30;;M;2024-09-06T08:16:23+00:00;"{""OBS_STATUS"": ""M"", ""OBS_CONF"": ""F""}";;;;;F;;;
MIR1;MIR1.M.FR.B.A22HR.A.R.A.2254U6.EUR.N;Taux des crédits nouveaux à l'habitat (hors négociations) aux particuliers;Interest rates on new business loans for house purchase (excluding renegotiations) to domestic households;2009-05;2009-05-01;2009-05-31;;M;2024-09-06T08:16:23+00:00;"{""OBS_STATUS"": ""M"", ""OBS_CONF"": ""F""}";;;;;F;;;
MIR1;MIR1.M.FR.B.A22HR.A.R.A.2254U6.EUR.N;Taux des crédits nouveaux à l'habitat (hors négociations) aux particuliers;Interest rates on new business loans for house purchase (excluding renegotiations) to domestic households;2009-04;2009-04-01;2009-04-30;;M;2024-09-06T08:16:23+00:00;"{""OBS_STATUS"": ""M"", ""OBS_CONF"": ""F""}";;;;;F;;;
MIR1;MIR1.M.FR.B.A22HR.A.R.A.2254U6.EUR.N;Taux des crédits nouveaux à l'habitat (hors négociations) aux particuliers;Interest rates on new business loans for house purchase (excluding renegotiations) to domestic households;2009-03;2009-03-01;2009-03-31;;M;2024-09-06T08:16:23+00:00;"{""OBS_STATUS"": ""M"", ""OBS_CONF"": ""F""}";;;;;F;;;
MIR1;MIR1.M.FR.B.A22HR.A.R.A.2254U6.EUR.N;Taux des crédits nouveaux à l'habitat (hors négociations) aux particuliers;Interest rates on new business loans for house purchase (excluding renegotiations) to domestic households;2009-02;2009-02-01;2009-02-28;;M;2024-09-06T08:16:23+00:00;"{""OBS_STATUS"": ""M"", ""OBS_CONF"": ""F""}";;;;;F;;;
MIR1;MIR1.M.FR.B.A22HR.A.R.A.2254U6.EUR.N;Taux des crédits nouveaux à l'habitat (hors négociations) aux particuliers;Interest rates on new business loans for house purchase (excluding renegotiations) to domestic households;2009-01;2009-01-01;2009-01-31;;M;2024-09-06T08:16:23+00:00;"{""OBS_STATUS"": ""M"", ""OBS_CONF"": ""F""}";;;;;F;;;
MIR1;MIR1.M.FR.B.A22HR.A.R.A.2254U6.EUR.N;Taux des crédits nouveaux à l'habitat (hors négociations) aux particuliers;Interest rates on new business loans for house purchase (excluding renegotiations) to domestic households;2008-12;2008-12-01;2008-12-31;;M;2024-09-06T08:16:23+00:00;"{""OBS_STATUS"": ""M"", ""OBS_CONF"": ""F""}";;;;;F;;;
MIR1;MIR1.M.FR.B.A22HR.A.R.A.2254U6.EUR.N;Taux des crédits nouveaux à l'habitat (hors négociations) aux particuliers;Interest rates on new business loans for house purchase (excluding renegotiations) to domestic households;2008-11;2008-11-01;2008-11-30;;M;2024-09-06T08:16:23+00:00;"{""OBS_STATUS"": ""M"", ""OBS_CONF"": ""F""}";;;;;F;;;
MIR1;MIR1.M.FR.B.A22HR.A.R.A.2254U6.EUR.N;Taux des crédits nouveaux à l'habitat (hors négociations) aux particuliers;Interest rates on new business loans for house purchase (excluding renegotiations) to domestic households;2008-10;2008-10-01;2008-10-31;;M;2024-09-06T08:16:23+00:00;"{""OBS_STATUS"": ""M"", ""OBS_CONF"": ""F""}";;;;;F;;;
MIR1;MIR1.M.FR.B.A22HR.A.R.A.2254U6.EUR.N;Taux des crédits nouveaux à l'habitat (hors négociations) aux particuliers;Interest rates on new business loans for house purchase (excluding renegotiations) to domestic households;2008-09;2008-09-01;2008-09-30;;M;2024-09-06T08:16:23+00:00;"{""OBS_STATUS"": ""M"", ""OBS_CONF"": ""F""}";;;;;F;;;
MIR1;MIR1.M.FR.B.A22HR.A.R.A.2254U6.EUR.N;Taux des crédits nouveaux à l'habitat (hors négociations) aux particuliers;Interest rates on new business loans for house purchase (excluding renegotiations) to domestic households;2008-08;2008-08-01;2008-08-31;;M;2024-09-06T08:16:23+00:00;"{""OBS_STATUS"": ""M"", ""OBS_CONF"": ""F""}";;;;;F;;;
MIR1;MIR1.M.FR.B.A22HR.A.R.A.2254U6.EUR.N;Taux des crédits nouveaux à l'habitat (hors négociations) aux particuliers;Interest rates on new business loans for house purchase (excluding renegotiations) to domestic households;2008-07;2008-07-01;2008-07-31;;M;2024-09-06T08:16:23+00:00;"{""OBS_STATUS"": ""M"", ""OBS_CONF"": ""F""}";;;;;F;;;
MIR1;MIR1.M.FR.B.A22HR.A.R.A.2254U6.EUR.N;Taux des crédits nouveaux à l'habitat (hors négociations) aux particuliers;Interest rates on new business loans for house purchase (excluding renegotiations) to domestic households;2008-06;2008-06-01;2008-06-30;;M;2024-09-06T08:16:23+00:00;"{""OBS_STATUS"": ""M"", ""OBS_CONF"": ""F""}";;;;;F;;;
MIR1;MIR1.M.FR.B.A22HR.A.R.A.2254U6.EUR.N;Taux des crédits nouveaux à l'habitat (hors négociations) aux particuliers;Interest rates on new business loans for house purchase (excluding renegotiations) to domestic households;2008-05;2008-05-01;2008-05-31;;M;2024-09-06T08:16:23+00:00;"{""OBS_STATUS"": ""M"", ""OBS_CONF"": ""F""}";;;;;F;;;
MIR1;MIR1.M.FR.B.A22HR.A.R.A.2254U6.EUR.N;Taux des crédits nouveaux à l'habitat (hors négociations) aux particuliers;Interest rates on new business loans for house purchase (excluding renegotiations) to domestic households;2008-04;2008-04-01;2008-04-30;;M;2024-09-06T08:16:23+00:00;"{""OBS_STATUS"": ""M"", ""OBS_CONF"": ""F""}";;;;;F;;;
MIR1;MIR1.M.FR.B.A22HR.A.R.A.2254U6.EUR.N;Taux des crédits nouveaux à l'habitat (hors négociations) aux particuliers;Interest rates on new business loans for house purchase (excluding renegotiations) to domestic households;2008-03;2008-03-01;2008-03-31;;M;2024-09-06T08:16:23+00:00;"{""OBS_STATUS"": ""M"", ""OBS_CONF"": ""F""}";;;;;F;;;
MIR1;MIR1.M.FR.B.A22HR.A.R.A.2254U6.EUR.N;Taux des crédits nouveaux à l'habitat (hors négociations) aux particuliers;Interest rates on new business loans for house purchase (excluding renegotiations) to domestic households;2008-02;2008-02-01;2008-02-29;;M;2024-09-06T08:16:23+00:00;"{""OBS_STATUS"": ""M"", ""OBS_CONF"": ""F""}";;;;;F;;;
MIR1;MIR1.M.FR.B.A22HR.A.R.A.2254U6.EUR.N;Taux des crédits nouveaux à l'habitat (hors négociations) aux particuliers;Interest rates on new business loans for house purchase (excluding renegotiations) to domestic households;2008-01;2008-01-01;2008-01-31;;M;2024-09-06T08:16:23+00:00;"{""OBS_STATUS"": ""M"", ""OBS_CONF"": ""F""}";;;;;F;;;
MIR1;MIR1.M.FR.B.A22HR.A.R.A.2254U6.EUR.N;Taux des crédits nouveaux à l'habitat (hors négociations) aux particuliers;Interest rates on new business loans for house purchase (excluding renegotiations) to domestic households;2007-12;2007-12-01;2007-12-31;;M;2024-09-06T08:16:23+00:00;"{""OBS_STATUS"": ""M"", ""OBS_CONF"": ""F""}";;;;;F;;;
MIR1;MIR1.M.FR.B.A22HR.A.R.A.2254U6.EUR.N;Taux des crédits nouveaux à l'habitat (hors négociations) aux particuliers;Interest rates on new business loans for house purchase (excluding renegotiations) to domestic households;2007-11;2007-11-01;2007-11-30;;M;2024-09-06T08:16:23+00:00;"{""OBS_STATUS"": ""M"", ""OBS_CONF"": ""F""}";;;;;F;;;
MIR1;MIR1.M.FR.B.A22HR.A.R.A.2254U6.EUR.N;Taux des crédits nouveaux à l'habitat (hors négociations) aux particuliers;Interest rates on new business loans for house purchase (excluding renegotiations) to domestic households;2007-10;2007-10-01;2007-10-31;;M;2024-09-06T08:16:23+00:00;"{""OBS_STATUS"": ""M"", ""OBS_CONF"": ""F""}";;;;;F;;;
MIR1;MIR1.M.FR.B.A22HR.A.R.A.2254U6.EUR.N;Taux des crédits nouveaux à l'habitat (hors négociations) aux particuliers;Interest rates on new business loans for house purchase (excluding renegotiations) to domestic households;2007-09;2007-09-01;2007-09-30;;M;2024-09-06T08:16:23+00:00;"{""OBS_STATUS"": ""M"", ""OBS_CONF"": ""F""}";;;;;F;;;
MIR1;MIR1.M.FR.B.A22HR.A.R.A.2254U6.EUR.N;Taux des crédits nouveaux à l'habitat (hors négociations) aux particuliers;Interest rates on new business loans for house purchase (excluding renegotiations) to domestic households;2007-08;2007-08-01;2007-08-31;;M;2024-09-06T08:16:23+00:00;"{""OBS_STATUS"": ""M"", ""OBS_CONF"": ""F""}";;;;;F;;;
MIR1;MIR1.M.FR.B.A22HR.A.R.A.2254U6.EUR.N;Taux des crédits nouveaux à l'habitat (hors négociations) aux particuliers;Interest rates on new business loans for house purchase (excluding renegotiations) to domestic households;2007-07;2007-07-01;2007-07-31;;M;2024-09-06T08:16:23+00:00;"{""OBS_STATUS"": ""M"", ""OBS_CONF"": ""F""}";;;;;F;;;
MIR1;MIR1.M.FR.B.A22HR.A.R.A.2254U6.EUR.N;Taux des crédits nouveaux à l'habitat (hors négociations) aux particuliers;Interest rates on new business loans for house purchase (excluding renegotiations) to domestic households;2007-06;2007-06-01;2007-06-30;;M;2024-09-06T08:16:23+00:00;"{""OBS_STATUS"": ""M"", ""OBS_CONF"": ""F""}";;;;;F;;;
MIR1;MIR1.M.FR.B.A22HR.A.R.A.2254U6.EUR.N;Taux des crédits nouveaux à l'habitat (hors négociations) aux particuliers;Interest rates on new business loans for house purchase (excluding renegotiations) to domestic households;2007-05;2007-05-01;2007-05-31;;M;2024-09-06T08:16:23+00:00;"{""OBS_STATUS"": ""M"", ""OBS_CONF"": ""F""}";;;;;F;;;
MIR1;MIR1.M.FR.B.A22HR.A.R.A.2254U6.EUR.N;Taux des crédits nouveaux à l'habitat (hors négociations) aux particuliers;Interest rates on new business loans for house purchase (excluding renegotiations) to domestic households;2007-04;2007-04-01;2007-04-30;;M;2024-09-06T08:16:23+00:00;"{""OBS_STATUS"": ""M"", ""OBS_CONF"": ""F""}";;;;;F;;;
MIR1;MIR1.M.FR.B.A22HR.A.R.A.2254U6.EUR.N;Taux des crédits nouveaux à l'habitat (hors négociations) aux particuliers;Interest rates on new business loans for house purchase (excluding renegotiations) to domestic households;2007-03;2007-03-01;2007-03-31;;M;2024-09-06T08:16:23+00:00;"{""OBS_STATUS"": ""M"", ""OBS_CONF"": ""F""}";;;;;F;;;
MIR1;MIR1.M.FR.B.A22HR.A.R.A.2254U6.EUR.N;Taux des crédits nouveaux à l'habitat (hors négociations) aux particuliers;Interest rates on new business loans for house purchase (excluding renegotiations) to domestic households;2007-02;2007-02-01;2007-02-28;;M;2024-09-06T08:16:23+00:00;"{""OBS_STATUS"": ""M"", ""OBS_CONF"": ""F""}";;;;;F;;;
MIR1;MIR1.M.FR.B.A22HR.A.R.A.2254U6.EUR.N;Taux des crédits nouveaux à l'habitat (hors négociations) aux particuliers;Interest rates on new business loans for house purchase (excluding renegotiations) to domestic households;2007-01;2007-01-01;2007-01-31;;M;2024-09-06T08:16:23+00:00;"{""OBS_STATUS"": ""M"", ""OBS_CONF"": ""F""}";;;;;F;;;
MIR1;MIR1.M.FR.B.A22HR.A.R.A.2254U6.EUR.N;Taux des crédits nouveaux à l'habitat (hors négociations) aux particuliers;Interest rates on new business loans for house purchase (excluding renegotiations) to domestic households;2006-12;2006-12-01;2006-12-31;;M;2024-09-06T08:16:23+00:00;"{""OBS_STATUS"": ""M"", ""OBS_CONF"": ""F""}";;;;;F;;;
MIR1;MIR1.M.FR.B.A22HR.A.R.A.2254U6.EUR.N;Taux des crédits nouveaux à l'habitat (hors négociations) aux particuliers;Interest rates on new business loans for house purchase (excluding renegotiations) to domestic households;2006-11;2006-11-01;2006-11-30;;M;2024-09-06T08:16:23+00:00;"{""OBS_STATUS"": ""M"", ""OBS_CONF"": ""F""}";;;;;F;;;
MIR1;MIR1.M.FR.B.A22HR.A.R.A.2254U6.EUR.N;Taux des crédits nouveaux à l'habitat (hors négociations) aux particuliers;Interest rates on new business loans for house purchase (excluding renegotiations) to domestic households;2006-10;2006-10-01;2006-10-31;;M;2024-09-06T08:16:23+00:00;"{""OBS_STATUS"": ""M"", ""OBS_CONF"": ""F""}";;;;;F;;;
MIR1;MIR1.M.FR.B.A22HR.A.R.A.2254U6.EUR.N;Taux des crédits nouveaux à l'habitat (hors négociations) aux particuliers;Interest rates on new business loans for house purchase (excluding renegotiations) to domestic households;2006-09;2006-09-01;2006-09-30;;M;2024-09-06T08:16:23+00:00;"{""OBS_STATUS"": ""M"", ""OBS_CONF"": ""F""}";;;;;F;;;
MIR1;MIR1.M.FR.B.A22HR.A.R.A.2254U6.EUR.N;Taux des crédits nouveaux à l'habitat (hors négociations) aux particuliers;Interest rates on new business loans for house purchase (excluding renegotiations) to domestic households;2006-08;2006-08-01;2006-08-31;;M;2024-09-06T08:16:23+00:00;"{""OBS_STATUS"": ""M"", ""OBS_CONF"": ""F""}";;;;;F;;;
MIR1;MIR1.M.FR.B.A22HR.A.R.A.2254U6.EUR.N;Taux des crédits nouveaux à l'habitat (hors négociations) aux particuliers;Interest rates on new business loans for house purchase (excluding renegotiations) to domestic households;2006-07;2006-07-01;2006-07-31;;M;2024-09-06T08:16:23+00:00;"{""OBS_STATUS"": ""M"", ""OBS_CONF"": ""F""}";;;;;F;;;
MIR1;MIR1.M.FR.B.A22HR.A.R.A.2254U6.EUR.N;Taux des crédits nouveaux à l'habitat (hors négociations) aux particuliers;Interest rates on new business loans for house purchase (excluding renegotiations) to domestic households;2006-06;2006-06-01;2006-06-30;;M;2024-09-06T08:16:23+00:00;"{""OBS_STATUS"": ""M"", ""OBS_CONF"": ""F""}";;;;;F;;;
MIR1;MIR1.M.FR.B.A22HR.A.R.A.2254U6.EUR.N;Taux des crédits nouveaux à l'habitat (hors négociations) aux particuliers;Interest rates on new business loans for house purchase (excluding renegotiations) to domestic households;2006-05;2006-05-01;2006-05-31;;M;2024-09-06T08:16:23+00:00;"{""OBS_STATUS"": ""M"", ""OBS_CONF"": ""F""}";;;;;F;;;
MIR1;MIR1.M.FR.B.A22HR.A.R.A.2254U6.EUR.N;Taux des crédits nouveaux à l'habitat (hors négociations) aux particuliers;Interest rates on new business loans for house purchase (excluding renegotiations) to domestic households;2006-04;2006-04-01;2006-04-30;;M;2024-09-06T08:16:23+00:00;"{""OBS_STATUS"": ""M"", ""OBS_CONF"": ""F""}";;;;;F;;;
MIR1;MIR1.M.FR.B.A22HR.A.R.A.2254U6.EUR.N;Taux des crédits nouveaux à l'habitat (hors négociations) aux particuliers;Interest rates on new business loans for house purchase (excluding renegotiations) to domestic households;2006-03;2006-03-01;2006-03-31;;M;2024-09-06T08:16:23+00:00;"{""OBS_STATUS"": ""M"", ""OBS_CONF"": ""F""}";;;;;F;;;
MIR1;MIR1.M.FR.B.A22HR.A.R.A.2254U6.EUR.N;Taux des crédits nouveaux à l'habitat (hors négociations) aux particuliers;Interest rates on new business loans for house purchase (excluding renegotiations) to domestic households;2006-02;2006-02-01;2006-02-28;;M;2024-09-06T08:16:23+00:00;"{""OBS_STATUS"": ""M"", ""OBS_CONF"": ""F""}";;;;;F;;;
MIR1;MIR1.M.FR.B.A22HR.A.R.A.2254U6.EUR.N;Taux des crédits nouveaux à l'habitat (hors négociations) aux particuliers;Interest rates on new business loans for house purchase (excluding renegotiations) to domestic households;2006-01;2006-01-01;2006-01-31;;M;2024-09-06T08:16:23+00:00;"{""OBS_STATUS"": ""M"", ""OBS_CONF"": ""F""}";;;;;F;;;
MIR1;MIR1.M.FR.B.A22HR.A.R.A.2254U6.EUR.N;Taux des crédits nouveaux à l'habitat (hors négociations) aux particuliers;Interest rates on new business loans for house purchase (excluding renegotiations) to domestic households;2005-12;2005-12-01;2005-12-31;;M;2024-09-06T08:16:23+00:00;"{""OBS_STATUS"": ""M"", ""OBS_CONF"": ""F""}";;;;;F;;;
MIR1;MIR1.M.FR.B.A22HR.A.R.A.2254U6.EUR.N;Taux des crédits nouveaux à l'habitat (hors négociations) aux particuliers;Interest rates on new business loans for house purchase (excluding renegotiations) to domestic households;2005-11;2005-11-01;2005-11-30;;M;2024-09-06T08:16:23+00:00;"{""OBS_STATUS"": ""M"", ""OBS_CONF"": ""F""}";;;;;F;;;
MIR1;MIR1.M.FR.B.A22HR.A.R.A.2254U6.EUR.N;Taux des crédits nouveaux à l'habitat (hors négociations) aux particuliers;Interest rates on new business loans for house purchase (excluding renegotiations) to domestic households;2005-10;2005-10-01;2005-10-31;;M;2024-09-06T08:16:23+00:00;"{""OBS_STATUS"": ""M"", ""OBS_CONF"": ""F""}";;;;;F;;;
MIR1;MIR1.M.FR.B.A22HR.A.R.A.2254U6.EUR.N;Taux des crédits nouveaux à l'habitat (hors négociations) aux particuliers;Interest rates on new business loans for house purchase (excluding renegotiations) to domestic households;2005-09;2005-09-01;2005-09-30;;M;2024-09-06T08:16:23+00:00;"{""OBS_STATUS"": ""M"", ""OBS_CONF"": ""F""}";;;;;F;;;
MIR1;MIR1.M.FR.B.A22HR.A.R.A.2254U6.EUR.N;Taux des crédits nouveaux à l'habitat (hors négociations) aux particuliers;Interest rates on new business loans for house purchase (excluding renegotiations) to domestic households;2005-08;2005-08-01;2005-08-31;;M;2024-09-06T08:16:23+00:00;"{""OBS_STATUS"": ""M"", ""OBS_CONF"": ""F""}";;;;;F;;;
MIR1;MIR1.M.FR.B.A22HR.A.R.A.2254U6.EUR.N;Taux des crédits nouveaux à l'habitat (hors négociations) aux particuliers;Interest rates on new business loans for house purchase (excluding renegotiations) to domestic households;2005-07;2005-07-01;2005-07-31;;M;2024-09-06T08:16:23+00:00;"{""OBS_STATUS"": ""M"", ""OBS_CONF"": ""F""}";;;;;F;;;
MIR1;MIR1.M.FR.B.A22HR.A.R.A.2254U6.EUR.N;Taux des crédits nouveaux à l'habitat (hors négociations) aux particuliers;Interest rates on new business loans for house purchase (excluding renegotiations) to domestic households;2005-06;2005-06-01;2005-06-30;;M;2024-09-06T08:16:23+00:00;"{""OBS_STATUS"": ""M"", ""OBS_CONF"": ""F""}";;;;;F;;;
MIR1;MIR1.M.FR.B.A22HR.A.R.A.2254U6.EUR.N;Taux des crédits nouveaux à l'habitat (hors négociations) aux particuliers;Interest rates on new business loans for house purchase (excluding renegotiations) to domestic households;2005-05;2005-05-01;2005-05-31;;M;2024-09-06T08:16:23+00:00;"{""OBS_STATUS"": ""M"", ""OBS_CONF"": ""F""}";;;;;F;;;
MIR1;MIR1.M.FR.B.A22HR.A.R.A.2254U6.EUR.N;Taux des crédits nouveaux à l'habitat (hors négociations) aux particuliers;Interest rates on new business loans for house purchase (excluding renegotiations) to domestic households;2005-04;2005-04-01;2005-04-30;;M;2024-09-06T08:16:23+00:00;"{""OBS_STATUS"": ""M"", ""OBS_CONF"": ""F""}";;;;;F;;;
MIR1;MIR1.M.FR.B.A22HR.A.R.A.2254U6.EUR.N;Taux des crédits nouveaux à l'habitat (hors négociations) aux particuliers;Interest rates on new business loans for house purchase (excluding renegotiations) to domestic households;2005-03;2005-03-01;2005-03-31;;M;2024-09-06T08:16:23+00:00;"{""OBS_STATUS"": ""M"", ""OBS_CONF"": ""F""}";;;;;F;;;
MIR1;MIR1.M.FR.B.A22HR.A.R.A.2254U6.EUR.N;Taux des crédits nouveaux à l'habitat (hors négociations) aux particuliers;Interest rates on new business loans for house purchase (excluding renegotiations) to domestic households;2005-02;2005-02-01;2005-02-28;;M;2024-09-06T08:16:23+00:00;"{""OBS_STATUS"": ""M"", ""OBS_CONF"": ""F""}";;;;;F;;;
MIR1;MIR1.M.FR.B.A22HR.A.R.A.2254U6.EUR.N;Taux des crédits nouveaux à l'habitat (hors négociations) aux particuliers;Interest rates on new business loans for house purchase (excluding renegotiations) to domestic households;2005-01;2005-01-01;2005-01-31;;M;2024-09-06T08:16:23+00:00;"{""OBS_STATUS"": ""M"", ""OBS_CONF"": ""F""}";;;;;F;;;
MIR1;MIR1.M.FR.B.A22HR.A.R.A.2254U6.EUR.N;Taux des crédits nouveaux à l'habitat (hors négociations) aux particuliers;Interest rates on new business loans for house purchase (excluding renegotiations) to domestic households;2004-12;2004-12-01;2004-12-31;;M;2024-09-06T08:16:23+00:00;"{""OBS_STATUS"": ""M"", ""OBS_CONF"": ""F""}";;;;;F;;;
MIR1;MIR1.M.FR.B.A22HR.A.R.A.2254U6.EUR.N;Taux des crédits nouveaux à l'habitat (hors négociations) aux particuliers;Interest rates on new business loans for house purchase (excluding renegotiations) to domestic households;2004-11;2004-11-01;2004-11-30;;M;2024-09-06T08:16:23+00:00;"{""OBS_STATUS"": ""M"", ""OBS_CONF"": ""F""}";;;;;F;;;
MIR1;MIR1.M.FR.B.A22HR.A.R.A.2254U6.EUR.N;Taux des crédits nouveaux à l'habitat (hors négociations) aux particuliers;Interest rates on new business loans for house purchase (excluding renegotiations) to domestic households;2004-10;2004-10-01;2004-10-31;;M;2024-09-06T08:16:23+00:00;"{""OBS_STATUS"": ""M"", ""OBS_CONF"": ""F""}";;;;;F;;;
MIR1;MIR1.M.FR.B.A22HR.A.R.A.2254U6.EUR.N;Taux des crédits nouveaux à l'habitat (hors négociations) aux particuliers;Interest rates on new business loans for house purchase (excluding renegotiations) to domestic households;2004-09;2004-09-01;2004-09-30;;M;2024-09-06T08:16:23+00:00;"{""OBS_STATUS"": ""M"", ""OBS_CONF"": ""F""}";;;;;F;;;
MIR1;MIR1.M.FR.B.A22HR.A.R.A.2254U6.EUR.N;Taux des crédits nouveaux à l'habitat (hors négociations) aux particuliers;Interest rates on new business loans for house purchase (excluding renegotiations) to domestic households;2004-08;2004-08-01;2004-08-31;;M;2024-09-06T08:16:23+00:00;"{""OBS_STATUS"": ""M"", ""OBS_CONF"": ""F""}";;;;;F;;;
MIR1;MIR1.M.FR.B.A22HR.A.R.A.2254U6.EUR.N;Taux des crédits nouveaux à l'habitat (hors négociations) aux particuliers;Interest rates on new business loans for house purchase (excluding renegotiations) to domestic households;2004-07;2004-07-01;2004-07-31;;M;2024-09-06T08:16:23+00:00;"{""OBS_STATUS"": ""M"", ""OBS_CONF"": ""F""}";;;;;F;;;
MIR1;MIR1.M.FR.B.A22HR.A.R.A.2254U6.EUR.N;Taux des crédits nouveaux à l'habitat (hors négociations) aux particuliers;Interest rates on new business loans for house purchase (excluding renegotiations) to domestic households;2004-06;2004-06-01;2004-06-30;;M;2024-09-06T08:16:23+00:00;"{""OBS_STATUS"": ""M"", ""OBS_CONF"": ""F""}";;;;;F;;;
MIR1;MIR1.M.FR.B.A22HR.A.R.A.2254U6.EUR.N;Taux des crédits nouveaux à l'habitat (hors négociations) aux particuliers;Interest rates on new business loans for house purchase (excluding renegotiations) to domestic households;2004-05;2004-05-01;2004-05-31;;M;2024-09-06T08:16:23+00:00;"{""OBS_STATUS"": ""M"", ""OBS_CONF"": ""F""}";;;;;F;;;
MIR1;MIR1.M.FR.B.A22HR.A.R.A.2254U6.EUR.N;Taux des crédits nouveaux à l'habitat (hors négociations) aux particuliers;Interest rates on new business loans for house purchase (excluding renegotiations) to domestic households;2004-04;2004-04-01;2004-04-30;;M;2024-09-06T08:16:23+00:00;"{""OBS_STATUS"": ""M"", ""OBS_CONF"": ""F""}";;;;;F;;;
MIR1;MIR1.M.FR.B.A22HR.A.R.A.2254U6.EUR.N;Taux des crédits nouveaux à l'habitat (hors négociations) aux particuliers;Interest rates on new business loans for house purchase (excluding renegotiations) to domestic households;2004-03;2004-03-01;2004-03-31;;M;2024-09-06T08:16:23+00:00;"{""OBS_STATUS"": ""M"", ""OBS_CONF"": ""F""}";;;;;F;;;
MIR1;MIR1.M.FR.B.A22HR.A.R.A.2254U6.EUR.N;Taux des crédits nouveaux à l'habitat (hors négociations) aux particuliers;Interest rates on new business loans for house purchase (excluding renegotiations) to domestic households;2004-02;2004-02-01;2004-02-29;;M;2024-09-06T08:16:23+00:00;"{""OBS_STATUS"": ""M"", ""OBS_CONF"": ""F""}";;;;;F;;;
MIR1;MIR1.M.FR.B.A22HR.A.R.A.2254U6.EUR.N;Taux des crédits nouveaux à l'habitat (hors négociations) aux particuliers;Interest rates on new business loans for house purchase (excluding renegotiations) to domestic households;2004-01;2004-01-01;2004-01-31;;M;2024-09-06T08:16:23+00:00;"{""OBS_STATUS"": ""M"", ""OBS_CONF"": ""F""}";;;;;F;;;
MIR1;MIR1.M.FR.B.A22HR.A.R.A.2254U6.EUR.N;Taux des crédits nouveaux à l'habitat (hors négociations) aux particuliers;Interest rates on new business loans for house purchase (excluding renegotiations) to domestic households;2003-12;2003-12-01;2003-12-31;;M;2024-09-06T08:16:23+00:00;"{""OBS_STATUS"": ""M"", ""OBS_CONF"": ""F""}";;;;;F;;;
MIR1;MIR1.M.FR.B.A22HR.A.R.A.2254U6.EUR.N;Taux des crédits nouveaux à l'habitat (hors négociations) aux particuliers;Interest rates on new business loans for house purchase (excluding renegotiations) to domestic households;2003-11;2003-11-01;2003-11-30;;M;2024-09-06T08:16:23+00:00;"{""OBS_STATUS"": ""M"", ""OBS_CONF"": ""F""}";;;;;F;;;
MIR1;MIR1.M.FR.B.A22HR.A.R.A.2254U6.EUR.N;Taux des crédits nouveaux à l'habitat (hors négociations) aux particuliers;Interest rates on new business loans for house purchase (excluding renegotiations) to domestic households;2003-10;2003-10-01;2003-10-31;;M;2024-09-06T08:16:23+00:00;"{""OBS_STATUS"": ""M"", ""OBS_CONF"": ""F""}";;;;;F;;;
MIR1;MIR1.M.FR.B.A22HR.A.R.A.2254U6.EUR.N;Taux des crédits nouveaux à l'habitat (hors négociations) aux particuliers;Interest rates on new business loans for house purchase (excluding renegotiations) to domestic households;2003-09;2003-09-01;2003-09-30;;M;2024-09-06T08:16:23+00:00;"{""OBS_STATUS"": ""M"", ""OBS_CONF"": ""F""}";;;;;F;;;
MIR1;MIR1.M.FR.B.A22HR.A.R.A.2254U6.EUR.N;Taux des crédits nouveaux à l'habitat (hors négociations) aux particuliers;Interest rates on new business loans for house purchase (excluding renegotiations) to domestic households;2003-08;2003-08-01;2003-08-31;;M;2024-09-06T08:16:23+00:00;"{""OBS_STATUS"": ""M"", ""OBS_CONF"": ""F""}";;;;;F;;;
MIR1;MIR1.M.FR.B.A22HR.A.R.A.2254U6.EUR.N;Taux des crédits nouveaux à l'habitat (hors négociations) aux particuliers;Interest rates on new business loans for house purchase (excluding renegotiations) to domestic households;2003-07;2003-07-01;2003-07-31;;M;2024-09-06T08:16:23+00:00;"{""OBS_STATUS"": ""M"", ""OBS_CONF"": ""F""}";;;;;F;;;
MIR1;MIR1.M.FR.B.A22HR.A.R.A.2254U6.EUR.N;Taux des crédits nouveaux à l'habitat (hors négociations) aux particuliers;Interest rates on new business loans for house purchase (excluding renegotiations) to domestic households;2003-06;2003-06-01;2003-06-30;;M;2024-09-06T08:16:23+00:00;"{""OBS_STATUS"": ""M"", ""OBS_CONF"": ""F""}";;;;;F;;;
MIR1;MIR1.M.FR.B.A22HR.A.R.A.2254U6.EUR.N;Taux des crédits nouveaux à l'habitat (hors négociations) aux particuliers;Interest rates on new business loans for house purchase (excluding renegotiations) to domestic households;2003-05;2003-05-01;2003-05-31;;M;2024-09-06T08:16:23+00:00;"{""OBS_STATUS"": ""M"", ""OBS_CONF"": ""F""}";;;;;F;;;
MIR1;MIR1.M.FR.B.A22HR.A.R.A.2254U6.EUR.N;Taux des crédits nouveaux à l'habitat (hors négociations) aux particuliers;Interest rates on new business loans for house purchase (excluding renegotiations) to domestic households;2003-04;2003-04-01;2003-04-30;;M;2024-09-06T08:16:23+00:00;"{""OBS_STATUS"": ""M"", ""OBS_CONF"": ""F""}";;;;;F;;;
MIR1;MIR1.M.FR.B.A22HR.A.R.A.2254U6.EUR.N;Taux des crédits nouveaux à l'habitat (hors négociations) aux particuliers;Interest rates on new business loans for house purchase (excluding renegotiations) to domestic households;2003-03;2003-03-01;2003-03-31;;M;2024-09-06T08:16:23+00:00;"{""OBS_STATUS"": ""M"", ""OBS_CONF"": ""F""}";;;;;F;;;
MIR1;MIR1.M.FR.B.A22HR.A.R.A.2254U6.EUR.N;Taux des crédits nouveaux à l'habitat (hors négociations) aux particuliers;Interest rates on new business loans for house purchase (excluding renegotiations) to domestic households;2003-02;2003-02-01;2003-02-28;;M;2024-09-06T08:16:23+00:00;"{""OBS_STATUS"": ""M"", ""OBS_CONF"": ""F""}";;;;;F;;;
MIR1;MIR1.M.FR.B.A22HR.A.R.A.2254U6.EUR.N;Taux des crédits nouveaux à l'habitat (hors négociations) aux particuliers;Interest rates on new business loans for house purchase (excluding renegotiations) to domestic households;2003-01;2003-01-01;2003-01-31;;M;2024-09-06T08:16:23+00:00;"{""OBS_STATUS"": ""M"", ""OBS_CONF"": ""F""}";;;;;F;;;
